-- MySQL dump 10.13  Distrib 8.0.19, for Win64 (x86_64)
--
-- Host: i9a103.p.ssafy.io    Database: eyak
-- ------------------------------------------------------
-- Server version	5.5.5-10.11.4-MariaDB-1:10.11.4+maria~ubu2204

/*!40101 SET @OLD_CHARACTER_SET_CLIENT=@@CHARACTER_SET_CLIENT */;
/*!40101 SET @OLD_CHARACTER_SET_RESULTS=@@CHARACTER_SET_RESULTS */;
/*!40101 SET @OLD_COLLATION_CONNECTION=@@COLLATION_CONNECTION */;
/*!50503 SET NAMES utf8mb4 */;
/*!40103 SET @OLD_TIME_ZONE=@@TIME_ZONE */;
/*!40103 SET TIME_ZONE='+00:00' */;
/*!40014 SET @OLD_UNIQUE_CHECKS=@@UNIQUE_CHECKS, UNIQUE_CHECKS=0 */;
/*!40014 SET @OLD_FOREIGN_KEY_CHECKS=@@FOREIGN_KEY_CHECKS, FOREIGN_KEY_CHECKS=0 */;
/*!40101 SET @OLD_SQL_MODE=@@SQL_MODE, SQL_MODE='NO_AUTO_VALUE_ON_ZERO' */;
/*!40111 SET @OLD_SQL_NOTES=@@SQL_NOTES, SQL_NOTES=0 */;

--
-- Table structure for table `choice_status_entity`
--

DROP TABLE IF EXISTS `choice_status_entity`;
/*!40101 SET @saved_cs_client     = @@character_set_client */;
/*!50503 SET character_set_client = utf8mb4 */;
CREATE TABLE `choice_status_entity` (
  `id` bigint(20) NOT NULL AUTO_INCREMENT,
  `choice_status` enum('ABDOMINAL_PAIN','COUGH','DIARRHEA','FEVER','HEADACHE','INDIGESTION','NAUSEA','NO_SYMPTOMS','VOMITING') DEFAULT NULL,
  PRIMARY KEY (`id`)
) ENGINE=InnoDB AUTO_INCREMENT=10 DEFAULT CHARSET=utf8mb4 COLLATE=utf8mb4_general_ci;
/*!40101 SET character_set_client = @saved_cs_client */;

--
-- Dumping data for table `choice_status_entity`
--

LOCK TABLES `choice_status_entity` WRITE;
/*!40000 ALTER TABLE `choice_status_entity` DISABLE KEYS */;
INSERT INTO `choice_status_entity` VALUES (1,'NO_SYMPTOMS'),(2,'HEADACHE'),(3,'ABDOMINAL_PAIN'),(4,'NAUSEA'),(5,'VOMITING'),(6,'FEVER'),(7,'DIARRHEA'),(8,'INDIGESTION'),(9,'COUGH');
/*!40000 ALTER TABLE `choice_status_entity` ENABLE KEYS */;
UNLOCK TABLES;

--
-- Table structure for table `content_emotion_result`
--

DROP TABLE IF EXISTS `content_emotion_result`;
/*!40101 SET @saved_cs_client     = @@character_set_client */;
/*!50503 SET character_set_client = utf8mb4 */;
CREATE TABLE `content_emotion_result` (
  `created_at` datetime(6) DEFAULT NULL,
  `id` bigint(20) NOT NULL AUTO_INCREMENT,
  `member_id` bigint(20) DEFAULT NULL,
  `survey_content_id` bigint(20) DEFAULT NULL,
  `updated_at` datetime(6) DEFAULT NULL,
  `choice_emotion` enum('BAD','GOOD','SOSO') DEFAULT NULL,
  PRIMARY KEY (`id`),
  KEY `FKaxctoe7j5vj87ji893sybt059` (`member_id`),
  KEY `FKphtdg571xgmul5fy1oakk96b3` (`survey_content_id`),
  CONSTRAINT `FKaxctoe7j5vj87ji893sybt059` FOREIGN KEY (`member_id`) REFERENCES `member` (`id`) ON DELETE CASCADE,
  CONSTRAINT `FKphtdg571xgmul5fy1oakk96b3` FOREIGN KEY (`survey_content_id`) REFERENCES `survey_content` (`id`)
) ENGINE=InnoDB AUTO_INCREMENT=35 DEFAULT CHARSET=utf8mb4 COLLATE=utf8mb4_general_ci;
/*!40101 SET character_set_client = @saved_cs_client */;

--
-- Dumping data for table `content_emotion_result`
--

LOCK TABLES `content_emotion_result` WRITE;
/*!40000 ALTER TABLE `content_emotion_result` DISABLE KEYS */;
INSERT INTO `content_emotion_result` VALUES ('2023-08-17 11:41:41.867034',8,42,53,'2023-08-17 11:41:41.867047','GOOD'),('2023-08-17 13:09:01.423631',9,42,56,'2023-08-17 13:09:01.423636','BAD'),('2023-08-17 13:09:53.183169',10,42,59,'2023-08-17 13:09:53.183173','GOOD'),('2023-08-17 13:10:55.787982',11,42,62,'2023-08-17 13:10:55.788010','SOSO'),('2023-08-17 13:11:22.948928',12,42,65,'2023-08-17 13:11:22.948931','GOOD'),('2023-08-17 13:11:54.076237',13,42,68,'2023-08-17 13:11:54.076240','SOSO'),('2023-08-17 13:13:35.760563',14,42,71,'2023-08-17 13:13:35.760574','BAD'),('2023-08-17 13:13:49.940268',15,42,74,'2023-08-17 13:13:49.940272','SOSO'),('2023-08-17 13:17:03.560483',16,42,77,'2023-08-17 13:17:03.560486','GOOD'),('2023-08-17 13:17:27.633970',17,42,80,'2023-08-17 13:17:27.633973','SOSO'),('2023-08-17 13:17:59.467056',18,42,83,'2023-08-17 13:17:59.467060','GOOD'),('2023-08-17 13:19:33.760410',19,42,86,'2023-08-17 13:19:33.760414','BAD'),('2023-08-17 13:21:36.172535',20,42,89,'2023-08-17 13:21:36.172539','SOSO'),('2023-08-17 13:22:00.566466',21,42,92,'2023-08-17 13:22:00.566471','GOOD'),('2023-08-17 13:22:26.488097',22,42,95,'2023-08-17 13:22:26.488101','SOSO'),('2023-08-17 13:23:32.646321',23,42,98,'2023-08-17 13:23:32.646324','SOSO'),('2023-08-17 13:25:30.138122',24,42,101,'2023-08-17 13:25:30.138125','BAD'),('2023-08-17 13:28:10.818561',25,42,104,'2023-08-17 13:28:10.818564','SOSO'),('2023-08-17 14:02:47.063189',26,42,107,'2023-08-17 14:02:47.063192','GOOD'),('2023-08-17 14:03:08.492755',27,42,110,'2023-08-17 14:03:08.492758','SOSO'),('2023-08-17 14:03:21.152466',28,42,113,'2023-08-17 14:03:21.152469','SOSO'),('2023-08-17 14:04:02.293733',29,42,116,'2023-08-17 14:04:02.294229','BAD'),('2023-08-17 14:04:12.656195',30,42,119,'2023-08-17 14:04:12.656198','SOSO'),('2023-08-17 14:04:21.799398',31,42,122,'2023-08-17 14:04:21.799426','GOOD'),('2023-08-17 14:04:57.550208',32,42,125,'2023-08-17 14:04:57.550211','GOOD'),('2023-08-17 14:05:10.872668',33,42,128,'2023-08-17 14:05:10.872671','GOOD'),('2023-08-17 14:25:24.253814',34,43,53,'2023-08-17 14:25:24.253817','GOOD');
/*!40000 ALTER TABLE `content_emotion_result` ENABLE KEYS */;
UNLOCK TABLES;

--
-- Table structure for table `content_status_result`
--

DROP TABLE IF EXISTS `content_status_result`;
/*!40101 SET @saved_cs_client     = @@character_set_client */;
/*!50503 SET character_set_client = utf8mb4 */;
CREATE TABLE `content_status_result` (
  `created_at` datetime(6) DEFAULT NULL,
  `id` bigint(20) NOT NULL AUTO_INCREMENT,
  `member_id` bigint(20) DEFAULT NULL,
  `survey_content_id` bigint(20) DEFAULT NULL,
  `updated_at` datetime(6) DEFAULT NULL,
  PRIMARY KEY (`id`),
  KEY `FK2va33hd4q9imdf9swpnvyrake` (`member_id`),
  KEY `FKqc3yj1sb9cbfgs5u5wgd1kax0` (`survey_content_id`)
) ENGINE=InnoDB AUTO_INCREMENT=483 DEFAULT CHARSET=utf8mb4 COLLATE=utf8mb4_general_ci;
/*!40101 SET character_set_client = @saved_cs_client */;

--
-- Dumping data for table `content_status_result`
--

LOCK TABLES `content_status_result` WRITE;
/*!40000 ALTER TABLE `content_status_result` DISABLE KEYS */;
INSERT INTO `content_status_result` VALUES ('2023-08-16 02:11:37.874561',357,1,1,'2023-08-16 02:11:37.874571'),('2023-08-16 02:13:22.207331',358,1,7,'2023-08-16 02:13:22.207341'),('2023-08-16 02:16:05.908396',359,1,10,'2023-08-16 02:16:05.908405'),('2023-08-16 02:20:22.193506',360,3,13,'2023-08-16 02:20:22.193517'),('2023-08-16 02:20:52.564723',361,3,10,'2023-08-16 02:20:52.564746'),('2023-08-16 02:30:10.469667',362,3,1,'2023-08-16 02:30:10.469677'),('2023-08-16 07:30:29.986211',363,2,1,'2023-08-16 07:30:29.986220'),('2023-08-16 11:10:36.569513',364,5,4,'2023-08-16 11:10:36.569517'),('2023-08-16 11:25:34.255451',365,5,1,'2023-08-16 11:25:34.255455'),('2023-08-16 11:56:42.437786',373,1,4,'2023-08-16 11:56:42.437799'),('2023-08-16 12:06:17.370811',374,2,4,'2023-08-16 12:06:17.370820'),('2023-08-16 23:21:25.786706',396,2,7,'2023-08-16 23:21:25.786718'),('2023-08-17 00:05:14.485197',397,3,4,'2023-08-17 00:05:14.485204'),('2023-08-17 00:05:35.467534',398,3,7,'2023-08-17 00:05:35.467572'),('2023-08-17 08:49:52.619485',441,5,7,'2023-08-17 08:49:52.619487'),('2023-08-17 11:41:41.877765',456,42,52,'2023-08-17 11:41:41.877782'),('2023-08-17 13:09:01.436461',457,42,55,'2023-08-17 13:09:01.436465'),('2023-08-17 13:09:53.177701',458,42,58,'2023-08-17 13:09:53.177706'),('2023-08-17 13:10:55.779909',459,42,61,'2023-08-17 13:10:55.779914'),('2023-08-17 13:11:22.946463',460,42,64,'2023-08-17 13:11:22.946468'),('2023-08-17 13:11:54.083465',461,42,67,'2023-08-17 13:11:54.083468'),('2023-08-17 13:13:35.762984',462,42,70,'2023-08-17 13:13:35.762987'),('2023-08-17 13:13:49.946313',463,42,73,'2023-08-17 13:13:49.946317'),('2023-08-17 13:17:03.548047',464,42,76,'2023-08-17 13:17:03.548051'),('2023-08-17 13:17:27.633679',465,42,79,'2023-08-17 13:17:27.633682'),('2023-08-17 13:17:59.468255',466,42,82,'2023-08-17 13:17:59.468259'),('2023-08-17 13:19:33.756947',467,42,85,'2023-08-17 13:19:33.756951'),('2023-08-17 13:21:36.165343',468,42,88,'2023-08-17 13:21:36.165349'),('2023-08-17 13:22:00.587226',469,42,91,'2023-08-17 13:22:00.587229'),('2023-08-17 13:22:26.488873',470,42,94,'2023-08-17 13:22:26.488876'),('2023-08-17 13:23:32.641387',471,42,97,'2023-08-17 13:23:32.641390'),('2023-08-17 13:25:30.134110',472,42,100,'2023-08-17 13:25:30.134110'),('2023-08-17 13:28:10.823353',473,42,103,'2023-08-17 13:28:10.823356'),('2023-08-17 14:02:47.077958',474,42,106,'2023-08-17 14:02:47.078035'),('2023-08-17 14:03:08.492575',475,42,109,'2023-08-17 14:03:08.492601'),('2023-08-17 14:03:21.150695',476,42,112,'2023-08-17 14:03:21.150701'),('2023-08-17 14:04:02.305488',477,42,115,'2023-08-17 14:04:02.305491'),('2023-08-17 14:04:12.647727',478,42,118,'2023-08-17 14:04:12.647814'),('2023-08-17 14:04:21.794528',479,42,121,'2023-08-17 14:04:21.794528'),('2023-08-17 14:04:57.538726',480,42,124,'2023-08-17 14:04:57.538729'),('2023-08-17 14:05:10.872657',481,42,127,'2023-08-17 14:05:10.872658'),('2023-08-17 14:25:24.361025',482,43,52,'2023-08-17 14:25:24.361027');
/*!40000 ALTER TABLE `content_status_result` ENABLE KEYS */;
UNLOCK TABLES;

--
-- Table structure for table `content_status_result_choice_status_entity`
--

DROP TABLE IF EXISTS `content_status_result_choice_status_entity`;
/*!40101 SET @saved_cs_client     = @@character_set_client */;
/*!50503 SET character_set_client = utf8mb4 */;
CREATE TABLE `content_status_result_choice_status_entity` (
  `choice_status_entity_id` bigint(20) DEFAULT NULL,
  `content_status_result_id` bigint(20) DEFAULT NULL,
  `id` bigint(20) NOT NULL AUTO_INCREMENT,
  PRIMARY KEY (`id`),
  KEY `FK93911iakj4mfxs8dwduipfl2a` (`choice_status_entity_id`),
  KEY `FKt9n9y1kcugbqxc7ksqvfkotnw` (`content_status_result_id`),
  CONSTRAINT `FK93911iakj4mfxs8dwduipfl2a` FOREIGN KEY (`choice_status_entity_id`) REFERENCES `choice_status_entity` (`id`),
  CONSTRAINT `FKt9n9y1kcugbqxc7ksqvfkotnw` FOREIGN KEY (`content_status_result_id`) REFERENCES `content_status_result` (`id`) ON DELETE CASCADE
) ENGINE=InnoDB AUTO_INCREMENT=54 DEFAULT CHARSET=utf8mb4 COLLATE=utf8mb4_general_ci;
/*!40101 SET character_set_client = @saved_cs_client */;

--
-- Dumping data for table `content_status_result_choice_status_entity`
--

LOCK TABLES `content_status_result_choice_status_entity` WRITE;
/*!40000 ALTER TABLE `content_status_result_choice_status_entity` DISABLE KEYS */;
INSERT INTO `content_status_result_choice_status_entity` VALUES (1,456,25),(2,457,26),(1,458,27),(9,459,28),(1,460,29),(1,461,30),(3,462,31),(1,463,32),(1,464,33),(1,465,34),(1,466,35),(8,467,36),(1,468,37),(1,469,38),(2,470,39),(1,471,40),(8,472,41),(9,473,42),(1,474,43),(1,475,44),(1,476,45),(1,478,47),(1,479,48),(6,477,49),(1,480,50),(1,481,51),(2,482,52),(3,482,53);
/*!40000 ALTER TABLE `content_status_result_choice_status_entity` ENABLE KEYS */;
UNLOCK TABLES;

--
-- Table structure for table `content_status_result_selected_status_choices`
--

DROP TABLE IF EXISTS `content_status_result_selected_status_choices`;
/*!40101 SET @saved_cs_client     = @@character_set_client */;
/*!50503 SET character_set_client = utf8mb4 */;
CREATE TABLE `content_status_result_selected_status_choices` (
  `selected_status_choices` tinyint(4) DEFAULT NULL CHECK (`selected_status_choices` between 0 and 8),
  `content_status_result_id` bigint(20) NOT NULL,
  KEY `FK8fnfsfeqsa3qog6thjxr3bylj` (`content_status_result_id`),
  CONSTRAINT `FK8fnfsfeqsa3qog6thjxr3bylj` FOREIGN KEY (`content_status_result_id`) REFERENCES `content_status_result` (`id`)
) ENGINE=InnoDB DEFAULT CHARSET=utf8mb4 COLLATE=utf8mb4_general_ci;
/*!40101 SET character_set_client = @saved_cs_client */;

--
-- Dumping data for table `content_status_result_selected_status_choices`
--

LOCK TABLES `content_status_result_selected_status_choices` WRITE;
/*!40000 ALTER TABLE `content_status_result_selected_status_choices` DISABLE KEYS */;
/*!40000 ALTER TABLE `content_status_result_selected_status_choices` ENABLE KEYS */;
UNLOCK TABLES;

--
-- Table structure for table `content_text_result`
--

DROP TABLE IF EXISTS `content_text_result`;
/*!40101 SET @saved_cs_client     = @@character_set_client */;
/*!50503 SET character_set_client = utf8mb4 */;
CREATE TABLE `content_text_result` (
  `created_at` datetime(6) DEFAULT NULL,
  `id` bigint(20) NOT NULL AUTO_INCREMENT,
  `member_id` bigint(20) DEFAULT NULL,
  `survey_content_id` bigint(20) DEFAULT NULL,
  `updated_at` datetime(6) DEFAULT NULL,
  `text` varchar(200) DEFAULT NULL,
  PRIMARY KEY (`id`),
  KEY `FKvu45igmvei0b02rjtw1iffvn` (`member_id`),
  KEY `FKc7qj0viw1yk7h5f2j8y0tp798` (`survey_content_id`),
  CONSTRAINT `FKc7qj0viw1yk7h5f2j8y0tp798` FOREIGN KEY (`survey_content_id`) REFERENCES `survey_content` (`id`),
  CONSTRAINT `FKvu45igmvei0b02rjtw1iffvn` FOREIGN KEY (`member_id`) REFERENCES `member` (`id`) ON DELETE CASCADE
) ENGINE=InnoDB AUTO_INCREMENT=38 DEFAULT CHARSET=utf8mb4 COLLATE=utf8mb4_general_ci;
/*!40101 SET character_set_client = @saved_cs_client */;

--
-- Dumping data for table `content_text_result`
--

LOCK TABLES `content_text_result` WRITE;
/*!40000 ALTER TABLE `content_text_result` DISABLE KEYS */;
INSERT INTO `content_text_result` VALUES ('2023-08-17 11:41:41.814391',11,42,54,'2023-08-17 11:41:41.814404','오늘은 날아갈 것만 같아요'),('2023-08-17 13:09:01.313758',12,42,57,'2023-08-17 13:09:01.313763','약 부작용인가 두통이 조금 있어요'),('2023-08-17 13:09:53.050111',13,42,60,'2023-08-17 13:09:53.050115','오늘은 다행히 부작용이 사라졌네요'),('2023-08-17 13:10:55.659341',14,42,63,'2023-08-17 13:10:55.659346','잔기침이 조금 있어요'),('2023-08-17 13:11:22.833238',15,42,66,'2023-08-17 13:11:22.833239','약 덕분에 요즘 기운이 나요'),('2023-08-17 13:11:53.906895',16,42,69,'2023-08-17 13:11:53.906898','아무 일도 없었어요'),('2023-08-17 13:13:35.686750',17,42,72,'2023-08-17 13:13:35.686754','오늘은 배가 좀 아파서 병원에 다녀왔어요'),('2023-08-17 13:13:49.847370',18,42,75,'2023-08-17 13:13:49.847374','증상 없음'),('2023-08-17 13:17:03.478799',19,42,78,'2023-08-17 13:17:03.478803','완벽한 날이었어요'),('2023-08-17 13:17:27.541982',20,42,81,'2023-08-17 13:17:27.541987','별일 없는 날이네요'),('2023-08-17 13:17:59.369662',21,42,84,'2023-08-17 13:17:59.369663','오늘은 하루 종일 행복했어요'),('2023-08-17 13:19:33.563495',22,42,87,'2023-08-17 13:19:33.563498','약을 먹었더니 소화가 하나도 안돼요'),('2023-08-17 13:21:36.017419',23,42,90,'2023-08-17 13:21:36.017422','별일 없어요'),('2023-08-17 13:22:00.451215',24,42,93,'2023-08-17 13:22:00.451219','점점 건강해지는 기분이 들어요'),('2023-08-17 13:22:26.364394',25,42,96,'2023-08-17 13:22:26.364394','조금 어지러웠어요'),('2023-08-17 13:23:32.548098',26,42,99,'2023-08-17 13:23:32.548102','이상 없어요'),('2023-08-17 13:25:29.851664',27,42,102,'2023-08-17 13:25:29.851666','오후의 티타임을 가진 후 속이 쓰렸어요'),('2023-08-17 13:28:10.747932',28,42,105,'2023-08-17 13:28:10.747935','약간의 기침이'),('2023-08-17 14:02:47.023437',29,42,108,'2023-08-17 14:02:47.023439','완벽한 하루였어요'),('2023-08-17 14:03:08.449025',30,42,111,'2023-08-17 14:03:08.449028','살짝 어지러운 것 빼고는 다 괜찮아요'),('2023-08-17 14:03:21.081589',31,42,114,'2023-08-17 14:03:21.081592','평범한 하루에요'),('2023-08-17 14:04:02.256163',32,42,117,'2023-08-17 14:04:02.256164','건강이 좀 악화돼서 병원에 다녀왔어요'),('2023-08-17 14:04:12.614362',33,42,120,'2023-08-17 14:04:12.614370','그래도 조금 나아졌네요'),('2023-08-17 14:04:21.748148',34,42,123,'2023-08-17 14:04:21.748154','완전히 나았어요'),('2023-08-17 14:04:57.513658',35,42,126,'2023-08-17 14:04:57.513660','요즘 아픈 데가 없어서 행복해요'),('2023-08-17 14:05:10.837027',36,42,129,'2023-08-17 14:05:10.837030','재밌는 하루였어요'),('2023-08-17 14:25:24.235687',37,43,54,'2023-08-17 14:25:24.235690','');
/*!40000 ALTER TABLE `content_text_result` ENABLE KEYS */;
UNLOCK TABLES;

--
-- Table structure for table `follow`
--

DROP TABLE IF EXISTS `follow`;
/*!40101 SET @saved_cs_client     = @@character_set_client */;
/*!50503 SET character_set_client = utf8mb4 */;
CREATE TABLE `follow` (
  `created_at` datetime(6) DEFAULT NULL,
  `followee_id` bigint(20) DEFAULT NULL,
  `follower_id` bigint(20) DEFAULT NULL,
  `id` bigint(20) NOT NULL AUTO_INCREMENT,
  `updated_at` datetime(6) DEFAULT NULL,
  `custom_name` varchar(255) DEFAULT NULL,
  `followee_scope` enum('ALL','CALENDAR') DEFAULT NULL,
  PRIMARY KEY (`id`),
  KEY `FK9t49cux0sxqh5usjf96sm03uv` (`followee_id`),
  KEY `FKtps7gpodlrhxlji90u6r3mlng` (`follower_id`),
  CONSTRAINT `FK9t49cux0sxqh5usjf96sm03uv` FOREIGN KEY (`followee_id`) REFERENCES `member` (`id`) ON DELETE CASCADE,
  CONSTRAINT `FKtps7gpodlrhxlji90u6r3mlng` FOREIGN KEY (`follower_id`) REFERENCES `member` (`id`) ON DELETE CASCADE
) ENGINE=InnoDB AUTO_INCREMENT=9 DEFAULT CHARSET=utf8mb4 COLLATE=utf8mb4_general_ci;
/*!40101 SET character_set_client = @saved_cs_client */;

--
-- Dumping data for table `follow`
--

LOCK TABLES `follow` WRITE;
/*!40000 ALTER TABLE `follow` DISABLE KEYS */;
INSERT INTO `follow` VALUES ('2023-08-17 14:25:55.154742',42,43,7,'2023-08-17 14:25:55.154746','엄마','ALL'),('2023-08-17 14:25:55.157335',43,42,8,'2023-08-17 14:25:55.157338','사랑하는 아들','CALENDAR');
/*!40000 ALTER TABLE `follow` ENABLE KEYS */;
UNLOCK TABLES;

--
-- Table structure for table `follow_request`
--

DROP TABLE IF EXISTS `follow_request`;
/*!40101 SET @saved_cs_client     = @@character_set_client */;
/*!50503 SET character_set_client = utf8mb4 */;
CREATE TABLE `follow_request` (
  `created_at` datetime(6) DEFAULT NULL,
  `followee_id` bigint(20) DEFAULT NULL,
  `follower_id` bigint(20) DEFAULT NULL,
  `id` bigint(20) NOT NULL AUTO_INCREMENT,
  `updated_at` datetime(6) DEFAULT NULL,
  `custom_name` varchar(255) DEFAULT NULL,
  `scope` enum('ALL','CALENDAR') DEFAULT NULL,
  PRIMARY KEY (`id`),
  KEY `FKbyfoglavw4qmeym23td6877kc` (`followee_id`),
  KEY `FK667hci4ofsr3xii4lj0nnokw1` (`follower_id`),
  CONSTRAINT `FK667hci4ofsr3xii4lj0nnokw1` FOREIGN KEY (`follower_id`) REFERENCES `member` (`id`) ON DELETE CASCADE,
  CONSTRAINT `FKbyfoglavw4qmeym23td6877kc` FOREIGN KEY (`followee_id`) REFERENCES `member` (`id`) ON DELETE CASCADE
) ENGINE=InnoDB AUTO_INCREMENT=5 DEFAULT CHARSET=utf8mb4 COLLATE=utf8mb4_general_ci;
/*!40101 SET character_set_client = @saved_cs_client */;

--
-- Dumping data for table `follow_request`
--

LOCK TABLES `follow_request` WRITE;
/*!40000 ALTER TABLE `follow_request` DISABLE KEYS */;
/*!40000 ALTER TABLE `follow_request` ENABLE KEYS */;
UNLOCK TABLES;

--
-- Table structure for table `medicine`
--

DROP TABLE IF EXISTS `medicine`;
/*!40101 SET @saved_cs_client     = @@character_set_client */;
/*!50503 SET character_set_client = utf8mb4 */;
CREATE TABLE `medicine` (
  `id` bigint(20) NOT NULL AUTO_INCREMENT,
  `efficasy` varchar(255) DEFAULT NULL,
  `side_effect` varchar(255) DEFAULT NULL,
  `use_method` varchar(255) DEFAULT NULL,
  `warn` varchar(255) DEFAULT NULL,
  `warn_info` varchar(255) DEFAULT NULL,
  `warn_intrc` varchar(255) DEFAULT NULL,
  PRIMARY KEY (`id`)
) ENGINE=InnoDB DEFAULT CHARSET=utf8mb4 COLLATE=utf8mb4_general_ci;
/*!40101 SET character_set_client = @saved_cs_client */;

--
-- Dumping data for table `medicine`
--

LOCK TABLES `medicine` WRITE;
/*!40000 ALTER TABLE `medicine` DISABLE KEYS */;
/*!40000 ALTER TABLE `medicine` ENABLE KEYS */;
UNLOCK TABLES;

--
-- Table structure for table `medicine_routine`
--

DROP TABLE IF EXISTS `medicine_routine`;
/*!40101 SET @saved_cs_client     = @@character_set_client */;
/*!50503 SET character_set_client = utf8mb4 */;
CREATE TABLE `medicine_routine` (
  `id` bigint(20) NOT NULL AUTO_INCREMENT,
  `routine` enum('BED_AFTER','BED_BEFORE','BREAKFAST_AFTER','BREAKFAST_BEFORE','DINNER_AFTER','DINNER_BEFORE','LUNCH_AFTER','LUNCH_BEFORE') DEFAULT NULL,
  PRIMARY KEY (`id`),
  UNIQUE KEY `UK_bjt347j6vfdbynitlardbbo78` (`routine`)
) ENGINE=InnoDB AUTO_INCREMENT=9 DEFAULT CHARSET=utf8mb4 COLLATE=utf8mb4_general_ci;
/*!40101 SET character_set_client = @saved_cs_client */;

--
-- Dumping data for table `medicine_routine`
--

LOCK TABLES `medicine_routine` WRITE;
/*!40000 ALTER TABLE `medicine_routine` DISABLE KEYS */;
INSERT INTO `medicine_routine` VALUES (1,'BED_AFTER'),(2,'BED_BEFORE'),(3,'BREAKFAST_AFTER'),(4,'BREAKFAST_BEFORE'),(5,'DINNER_AFTER'),(6,'DINNER_BEFORE'),(7,'LUNCH_AFTER'),(8,'LUNCH_BEFORE');
/*!40000 ALTER TABLE `medicine_routine` ENABLE KEYS */;
UNLOCK TABLES;

--
-- Table structure for table `medicine_routine_check`
--

DROP TABLE IF EXISTS `medicine_routine_check`;
/*!40101 SET @saved_cs_client     = @@character_set_client */;
/*!50503 SET character_set_client = utf8mb4 */;
CREATE TABLE `medicine_routine_check` (
  `date` date DEFAULT NULL,
  `took` bit(1) DEFAULT NULL,
  `created_at` datetime(6) DEFAULT NULL,
  `id` bigint(20) NOT NULL AUTO_INCREMENT,
  `medicine_routine_id` bigint(20) DEFAULT NULL,
  `member_id` bigint(20) DEFAULT NULL,
  `prescription_id` bigint(20) DEFAULT NULL,
  `updated_at` datetime(6) DEFAULT NULL,
  PRIMARY KEY (`id`),
  KEY `FKmifcia6o2pk31wbl06f0a5bam` (`medicine_routine_id`),
  KEY `FKg9lo0k7or1rosv42mkqw080ly` (`member_id`),
  KEY `FKc8iulsagngxibugah7y3i6ff2` (`prescription_id`),
  CONSTRAINT `FKc8iulsagngxibugah7y3i6ff2` FOREIGN KEY (`prescription_id`) REFERENCES `prescription` (`id`) ON DELETE CASCADE,
  CONSTRAINT `FKg9lo0k7or1rosv42mkqw080ly` FOREIGN KEY (`member_id`) REFERENCES `member` (`id`) ON DELETE CASCADE,
  CONSTRAINT `FKmifcia6o2pk31wbl06f0a5bam` FOREIGN KEY (`medicine_routine_id`) REFERENCES `medicine_routine` (`id`)
) ENGINE=InnoDB AUTO_INCREMENT=1273 DEFAULT CHARSET=utf8mb4 COLLATE=utf8mb4_general_ci;
/*!40101 SET character_set_client = @saved_cs_client */;

--
-- Dumping data for table `medicine_routine_check`
--

LOCK TABLES `medicine_routine_check` WRITE;
/*!40000 ALTER TABLE `medicine_routine_check` DISABLE KEYS */;
INSERT INTO `medicine_routine_check` VALUES ('2023-08-01',_binary '','2023-08-17 13:00:10.530766',527,3,42,34,'2023-08-17 13:00:10.530776'),('2023-08-01',_binary '','2023-08-17 13:00:10.533376',528,7,42,34,'2023-08-17 13:00:10.533384'),('2023-08-01',_binary '','2023-08-17 13:00:10.535974',529,5,42,34,'2023-08-17 13:00:10.535983'),('2023-08-02',_binary '','2023-08-17 13:00:10.538555',530,3,42,34,'2023-08-17 13:00:10.538564'),('2023-08-02',_binary '','2023-08-17 13:00:10.541054',531,7,42,34,'2023-08-17 13:00:10.541062'),('2023-08-02',_binary '','2023-08-17 13:00:10.543576',532,5,42,34,'2023-08-17 13:00:10.543584'),('2023-08-03',_binary '','2023-08-17 13:00:10.546161',533,3,42,34,'2023-08-17 13:00:10.546169'),('2023-08-03',_binary '','2023-08-17 13:00:10.548769',534,7,42,34,'2023-08-17 13:00:10.548774'),('2023-08-03',_binary '','2023-08-17 13:00:10.551329',535,5,42,34,'2023-08-17 13:00:10.551337'),('2023-08-04',_binary '','2023-08-17 13:00:10.553894',536,3,42,34,'2023-08-17 13:00:10.553902'),('2023-08-04',_binary '','2023-08-17 13:00:10.556537',537,7,42,34,'2023-08-17 13:00:10.556546'),('2023-08-04',_binary '','2023-08-17 13:00:10.559114',538,5,42,34,'2023-08-17 13:00:10.559123'),('2023-08-05',_binary '','2023-08-17 13:00:10.561760',539,3,42,34,'2023-08-17 13:00:10.561769'),('2023-08-05',_binary '','2023-08-17 13:00:10.564638',540,7,42,34,'2023-08-17 13:00:10.564643'),('2023-08-05',_binary '','2023-08-17 13:00:10.567432',541,5,42,34,'2023-08-17 13:00:10.567440'),('2023-08-06',_binary '','2023-08-17 13:00:10.570006',542,3,42,34,'2023-08-17 13:00:10.570013'),('2023-08-06',_binary '','2023-08-17 13:00:10.572580',543,7,42,34,'2023-08-17 13:00:10.572592'),('2023-08-06',_binary '','2023-08-17 13:00:10.575147',544,5,42,34,'2023-08-17 13:00:10.575155'),('2023-08-07',_binary '','2023-08-17 13:00:10.577707',545,3,42,34,'2023-08-17 13:00:10.577707'),('2023-08-07',_binary '','2023-08-17 13:00:10.580226',546,7,42,34,'2023-08-17 13:00:10.580239'),('2023-08-07',_binary '','2023-08-17 13:00:10.582771',547,5,42,34,'2023-08-17 13:00:10.582781'),('2023-08-08',_binary '','2023-08-17 13:00:10.585311',548,3,42,34,'2023-08-17 13:00:10.585319'),('2023-08-08',_binary '','2023-08-17 13:00:10.587931',549,7,42,34,'2023-08-17 13:00:10.587939'),('2023-08-08',_binary '','2023-08-17 13:00:10.590440',550,5,42,34,'2023-08-17 13:00:10.590447'),('2023-08-09',_binary '','2023-08-17 13:00:10.593109',551,3,42,34,'2023-08-17 13:00:10.593114'),('2023-08-09',_binary '','2023-08-17 13:00:10.595712',552,7,42,34,'2023-08-17 13:00:10.595717'),('2023-08-09',_binary '','2023-08-17 13:00:10.598298',553,5,42,34,'2023-08-17 13:00:10.598306'),('2023-08-10',_binary '','2023-08-17 13:00:10.600887',554,3,42,34,'2023-08-17 13:00:10.600895'),('2023-08-10',_binary '','2023-08-17 13:00:10.603424',555,7,42,34,'2023-08-17 13:00:10.603433'),('2023-08-10',_binary '','2023-08-17 13:00:10.606014',556,5,42,34,'2023-08-17 13:00:10.606020'),('2023-08-11',_binary '','2023-08-17 13:00:10.608623',557,3,42,34,'2023-08-17 13:00:10.608632'),('2023-08-11',_binary '','2023-08-17 13:00:10.611163',558,7,42,34,'2023-08-17 13:00:10.611170'),('2023-08-11',_binary '','2023-08-17 13:00:10.613684',559,5,42,34,'2023-08-17 13:00:10.613691'),('2023-08-12',_binary '','2023-08-17 13:00:10.616221',560,3,42,34,'2023-08-17 13:00:10.616230'),('2023-08-12',_binary '','2023-08-17 13:00:10.618766',561,7,42,34,'2023-08-17 13:00:10.618776'),('2023-08-12',_binary '','2023-08-17 13:00:10.621321',562,5,42,34,'2023-08-17 13:00:10.621331'),('2023-08-13',_binary '','2023-08-17 13:00:10.623930',563,3,42,34,'2023-08-17 13:00:10.623935'),('2023-08-13',_binary '','2023-08-17 13:00:10.626439',564,7,42,34,'2023-08-17 13:00:10.626448'),('2023-08-13',_binary '','2023-08-17 13:00:10.628986',565,5,42,34,'2023-08-17 13:00:10.628996'),('2023-08-14',_binary '','2023-08-17 13:00:10.631640',566,3,42,34,'2023-08-17 13:00:10.631650'),('2023-08-14',_binary '','2023-08-17 13:00:10.634477',567,7,42,34,'2023-08-17 13:00:10.634487'),('2023-08-14',_binary '','2023-08-17 13:00:10.637025',568,5,42,34,'2023-08-17 13:00:10.637032'),('2023-08-15',_binary '','2023-08-17 13:00:10.639640',569,3,42,34,'2023-08-17 13:00:10.639648'),('2023-08-15',_binary '','2023-08-17 13:00:10.642246',570,7,42,34,'2023-08-17 13:00:10.642253'),('2023-08-15',_binary '','2023-08-17 13:00:10.644871',571,5,42,34,'2023-08-17 13:00:10.644881'),('2023-08-16',_binary '','2023-08-17 13:00:10.647488',572,3,42,34,'2023-08-17 13:00:10.647496'),('2023-08-16',_binary '','2023-08-17 13:00:10.650103',573,7,42,34,'2023-08-17 13:00:10.650108'),('2023-08-16',_binary '','2023-08-17 13:00:10.652720',574,5,42,34,'2023-08-17 13:00:10.652729'),('2023-08-17',_binary '','2023-08-17 13:00:10.655335',575,3,42,34,'2023-08-17 13:00:10.655344'),('2023-08-17',_binary '','2023-08-17 13:00:10.657882',576,7,42,34,'2023-08-17 13:00:10.657891'),('2023-08-17',_binary '','2023-08-17 13:00:10.660494',577,5,42,34,'2023-08-17 13:00:10.660501'),('2023-07-30',_binary '','2023-08-17 13:00:57.277985',578,1,42,35,'2023-08-17 13:00:57.277994'),('2023-07-30',_binary '','2023-08-17 13:00:57.280613',579,8,42,35,'2023-08-17 13:00:57.280621'),('2023-07-30',_binary '','2023-08-17 13:00:57.283349',580,2,42,35,'2023-08-17 13:00:57.283357'),('2023-07-31',_binary '','2023-08-17 13:00:57.286000',581,1,42,35,'2023-08-17 13:00:57.286006'),('2023-07-31',_binary '','2023-08-17 13:00:57.288612',582,8,42,35,'2023-08-17 13:00:57.288616'),('2023-07-31',_binary '','2023-08-17 13:00:57.291152',583,2,42,35,'2023-08-17 13:00:57.291160'),('2023-08-01',_binary '','2023-08-17 13:00:57.293681',584,1,42,35,'2023-08-17 13:00:57.293689'),('2023-08-01',_binary '','2023-08-17 13:00:57.296342',585,8,42,35,'2023-08-17 13:00:57.296354'),('2023-08-01',_binary '','2023-08-17 13:00:57.298921',586,2,42,35,'2023-08-17 13:00:57.298925'),('2023-08-02',_binary '','2023-08-17 13:00:57.301483',587,1,42,35,'2023-08-17 13:00:57.301490'),('2023-08-02',_binary '','2023-08-17 13:00:57.304027',588,8,42,35,'2023-08-17 13:00:57.304033'),('2023-08-02',_binary '','2023-08-17 13:00:57.306599',589,2,42,35,'2023-08-17 13:00:57.306607'),('2023-08-03',_binary '','2023-08-17 13:00:57.309187',590,1,42,35,'2023-08-17 13:00:57.309193'),('2023-08-03',_binary '','2023-08-17 13:00:57.311768',591,8,42,35,'2023-08-17 13:00:57.311775'),('2023-08-03',_binary '','2023-08-17 13:00:57.314325',592,2,42,35,'2023-08-17 13:00:57.314331'),('2023-08-04',_binary '','2023-08-17 13:00:57.316919',593,1,42,35,'2023-08-17 13:00:57.316927'),('2023-08-04',_binary '','2023-08-17 13:00:57.319499',594,8,42,35,'2023-08-17 13:00:57.319508'),('2023-08-04',_binary '','2023-08-17 13:00:57.322140',595,2,42,35,'2023-08-17 13:00:57.322148'),('2023-08-05',_binary '\0','2023-08-17 13:00:57.324722',596,1,42,35,'2023-08-18 00:29:02.368627'),('2023-08-05',_binary '','2023-08-17 13:00:57.327278',597,8,42,35,'2023-08-17 13:00:57.327286'),('2023-08-05',_binary '','2023-08-17 13:00:57.329820',598,2,42,35,'2023-08-17 13:00:57.329826'),('2023-08-06',_binary '','2023-08-17 13:00:57.332434',599,1,42,35,'2023-08-17 13:00:57.332441'),('2023-08-06',_binary '','2023-08-17 13:00:57.335131',600,8,42,35,'2023-08-17 13:00:57.335138'),('2023-08-06',_binary '','2023-08-17 13:00:57.337676',601,2,42,35,'2023-08-17 13:00:57.337685'),('2023-08-07',_binary '','2023-08-17 13:00:57.340229',602,1,42,35,'2023-08-17 13:00:57.340238'),('2023-08-07',_binary '','2023-08-17 13:00:57.342891',603,8,42,35,'2023-08-17 13:00:57.342901'),('2023-08-07',_binary '','2023-08-17 13:00:57.345802',604,2,42,35,'2023-08-17 13:00:57.345812'),('2023-08-08',_binary '','2023-08-17 13:00:57.348471',605,1,42,35,'2023-08-17 13:00:57.348485'),('2023-08-08',_binary '','2023-08-17 13:00:57.351044',606,8,42,35,'2023-08-17 13:00:57.351051'),('2023-08-08',_binary '','2023-08-17 13:00:57.353609',607,2,42,35,'2023-08-17 13:00:57.353633'),('2023-08-09',_binary '','2023-08-17 13:00:57.356216',608,1,42,35,'2023-08-17 13:00:57.356223'),('2023-08-09',_binary '','2023-08-17 13:00:57.358805',609,8,42,35,'2023-08-17 13:00:57.358807'),('2023-08-09',_binary '','2023-08-17 13:00:57.361441',610,2,42,35,'2023-08-17 13:00:57.361442'),('2023-08-10',_binary '','2023-08-17 13:00:57.364112',611,1,42,35,'2023-08-17 13:00:57.364118'),('2023-08-10',_binary '','2023-08-17 13:00:57.366728',612,8,42,35,'2023-08-17 13:00:57.366731'),('2023-08-10',_binary '','2023-08-17 13:00:57.369265',613,2,42,35,'2023-08-17 13:00:57.369271'),('2023-08-11',_binary '\0','2023-08-17 13:00:57.371786',614,1,42,35,'2023-08-18 00:27:29.060510'),('2023-08-11',_binary '','2023-08-17 13:00:57.374356',615,8,42,35,'2023-08-17 13:00:57.374362'),('2023-08-11',_binary '','2023-08-17 13:00:57.376886',616,2,42,35,'2023-08-17 13:00:57.376889'),('2023-08-12',_binary '','2023-08-17 13:00:57.379509',617,1,42,35,'2023-08-17 13:00:57.379513'),('2023-08-12',_binary '','2023-08-17 13:00:57.382047',618,8,42,35,'2023-08-17 13:00:57.382053'),('2023-08-12',_binary '','2023-08-17 13:00:57.384683',619,2,42,35,'2023-08-17 13:00:57.384688'),('2023-08-13',_binary '','2023-08-17 13:00:57.387250',620,1,42,35,'2023-08-17 13:00:57.387260'),('2023-08-13',_binary '','2023-08-17 13:00:57.389822',621,8,42,35,'2023-08-17 13:00:57.389827'),('2023-08-13',_binary '','2023-08-17 13:00:57.392379',622,2,42,35,'2023-08-17 13:00:57.392385'),('2023-08-14',_binary '','2023-08-17 13:00:57.394995',623,1,42,35,'2023-08-17 13:00:57.395000'),('2023-08-14',_binary '','2023-08-17 13:00:57.397577',624,8,42,35,'2023-08-17 13:00:57.397579'),('2023-08-14',_binary '','2023-08-17 13:00:57.400130',625,2,42,35,'2023-08-17 13:00:57.400133'),('2023-08-15',_binary '','2023-08-17 13:00:57.402688',626,1,42,35,'2023-08-17 13:00:57.402690'),('2023-08-15',_binary '','2023-08-17 13:00:57.405266',627,8,42,35,'2023-08-17 13:00:57.405272'),('2023-08-15',_binary '','2023-08-17 13:00:57.407797',628,2,42,35,'2023-08-17 13:00:57.407799'),('2023-08-16',_binary '','2023-08-17 13:00:57.410333',629,1,42,35,'2023-08-17 13:00:57.410341'),('2023-08-16',_binary '','2023-08-17 13:00:57.412861',630,8,42,35,'2023-08-17 13:00:57.412863'),('2023-08-16',_binary '','2023-08-17 13:00:57.415490',631,2,42,35,'2023-08-17 13:00:57.415495'),('2023-08-17',_binary '','2023-08-17 13:00:57.418062',632,1,42,35,'2023-08-17 13:00:57.418068'),('2023-08-17',_binary '','2023-08-17 13:00:57.420679',633,8,42,35,'2023-08-17 13:00:57.420681'),('2023-08-17',_binary '\0','2023-08-17 13:00:57.423288',634,2,42,35,'2023-08-17 13:00:57.423291'),('2023-07-20',_binary '','2023-08-17 13:04:39.164701',635,4,42,36,'2023-08-17 13:04:39.164709'),('2023-07-20',_binary '','2023-08-17 13:04:39.167399',636,8,42,36,'2023-08-17 13:04:39.167404'),('2023-07-20',_binary '','2023-08-17 13:04:39.170078',637,6,42,36,'2023-08-17 13:04:39.170082'),('2023-07-21',_binary '','2023-08-17 13:04:39.172682',638,4,42,36,'2023-08-17 13:04:39.172690'),('2023-07-21',_binary '','2023-08-17 13:04:39.175310',639,8,42,36,'2023-08-17 13:04:39.175317'),('2023-07-21',_binary '','2023-08-17 13:04:39.177859',640,6,42,36,'2023-08-17 13:04:39.177862'),('2023-07-22',_binary '','2023-08-17 13:04:39.180440',641,4,42,36,'2023-08-17 13:04:39.180449'),('2023-07-22',_binary '','2023-08-17 13:04:39.183029',642,8,42,36,'2023-08-17 13:04:39.183034'),('2023-07-22',_binary '','2023-08-17 13:04:39.185589',643,6,42,36,'2023-08-17 13:04:39.185593'),('2023-07-23',_binary '','2023-08-17 13:04:39.188071',644,4,42,36,'2023-08-17 13:04:39.188075'),('2023-07-23',_binary '','2023-08-17 13:04:39.190677',645,8,42,36,'2023-08-17 13:04:39.190679'),('2023-07-23',_binary '','2023-08-17 13:04:39.193206',646,6,42,36,'2023-08-17 13:04:39.193209'),('2023-07-24',_binary '\0','2023-08-17 13:04:39.195731',647,4,42,36,'2023-08-18 00:30:27.165308'),('2023-07-24',_binary '\0','2023-08-17 13:04:39.198243',648,8,42,36,'2023-08-18 00:31:40.403199'),('2023-07-24',_binary '\0','2023-08-17 13:04:39.200801',649,6,42,36,'2023-08-18 00:30:58.409885'),('2023-07-25',_binary '','2023-08-17 13:04:39.203363',650,4,42,36,'2023-08-17 13:04:39.203367'),('2023-07-25',_binary '','2023-08-17 13:04:39.205884',651,8,42,36,'2023-08-17 13:04:39.205889'),('2023-07-25',_binary '','2023-08-17 13:04:39.208445',652,6,42,36,'2023-08-17 13:04:39.208450'),('2023-07-26',_binary '','2023-08-17 13:04:39.211041',653,4,42,36,'2023-08-17 13:04:39.211047'),('2023-07-26',_binary '','2023-08-17 13:04:39.213618',654,8,42,36,'2023-08-17 13:04:39.213623'),('2023-07-26',_binary '','2023-08-17 13:04:39.216252',655,6,42,36,'2023-08-17 13:04:39.216258'),('2023-07-27',_binary '','2023-08-17 13:04:39.218819',656,4,42,36,'2023-08-17 13:04:39.218826'),('2023-07-27',_binary '','2023-08-17 13:04:39.221370',657,8,42,36,'2023-08-17 13:04:39.221376'),('2023-07-27',_binary '','2023-08-17 13:04:39.223863',658,6,42,36,'2023-08-17 13:04:39.223871'),('2023-07-28',_binary '','2023-08-17 13:04:39.226408',659,4,42,36,'2023-08-17 13:04:39.226412'),('2023-07-28',_binary '','2023-08-17 13:04:39.229011',660,8,42,36,'2023-08-17 13:04:39.229019'),('2023-07-28',_binary '','2023-08-17 13:04:39.231738',661,6,42,36,'2023-08-17 13:04:39.231744'),('2023-07-29',_binary '','2023-08-17 13:04:39.234405',662,4,42,36,'2023-08-17 13:04:39.234409'),('2023-07-29',_binary '','2023-08-17 13:04:39.236936',663,8,42,36,'2023-08-17 13:04:39.236940'),('2023-07-29',_binary '','2023-08-17 13:04:39.239605',664,6,42,36,'2023-08-17 13:04:39.239610'),('2023-07-30',_binary '','2023-08-17 13:04:39.242118',665,4,42,36,'2023-08-17 13:04:39.242124'),('2023-07-30',_binary '','2023-08-17 13:04:39.244631',666,8,42,36,'2023-08-17 13:04:39.244637'),('2023-07-30',_binary '','2023-08-17 13:04:39.247252',667,6,42,36,'2023-08-17 13:04:39.247258'),('2023-07-31',_binary '','2023-08-17 13:04:39.249863',668,4,42,36,'2023-08-17 13:04:39.249907'),('2023-07-31',_binary '','2023-08-17 13:04:39.252511',669,8,42,36,'2023-08-17 13:04:39.252514'),('2023-07-31',_binary '','2023-08-17 13:04:39.255114',670,6,42,36,'2023-08-17 13:04:39.255117'),('2023-08-01',_binary '','2023-08-17 13:04:39.257648',671,4,42,36,'2023-08-17 13:04:39.257651'),('2023-08-01',_binary '','2023-08-17 13:04:39.260212',672,8,42,36,'2023-08-17 13:04:39.260216'),('2023-08-01',_binary '','2023-08-17 13:04:39.262733',673,6,42,36,'2023-08-17 13:04:39.262737'),('2023-08-02',_binary '','2023-08-17 13:04:39.265327',674,4,42,36,'2023-08-17 13:04:39.265329'),('2023-08-02',_binary '','2023-08-17 13:04:39.267819',675,8,42,36,'2023-08-17 13:04:39.267822'),('2023-08-02',_binary '','2023-08-17 13:04:39.270292',676,6,42,36,'2023-08-17 13:04:39.270296'),('2023-08-03',_binary '','2023-08-17 13:04:39.272758',677,4,42,36,'2023-08-17 13:04:39.272760'),('2023-08-03',_binary '','2023-08-17 13:04:39.275239',678,8,42,36,'2023-08-17 13:04:39.275241'),('2023-08-03',_binary '','2023-08-17 13:04:39.277758',679,6,42,36,'2023-08-17 13:04:39.277761'),('2023-08-04',_binary '','2023-08-17 13:04:39.280261',680,4,42,36,'2023-08-17 13:04:39.280263'),('2023-08-04',_binary '','2023-08-17 13:04:39.282779',681,8,42,36,'2023-08-17 13:04:39.282782'),('2023-08-04',_binary '','2023-08-17 13:04:39.285400',682,6,42,36,'2023-08-17 13:04:39.285404'),('2023-08-05',_binary '','2023-08-17 13:04:39.287946',683,4,42,36,'2023-08-17 13:04:39.287951'),('2023-08-05',_binary '','2023-08-17 13:04:39.290517',684,8,42,36,'2023-08-17 13:04:39.290521'),('2023-08-05',_binary '','2023-08-17 13:04:39.293014',685,6,42,36,'2023-08-17 13:04:39.293018'),('2023-08-06',_binary '','2023-08-17 13:04:39.295595',686,4,42,36,'2023-08-17 13:04:39.295599'),('2023-08-06',_binary '','2023-08-17 13:04:39.298135',687,8,42,36,'2023-08-17 13:04:39.298140'),('2023-08-06',_binary '','2023-08-17 13:04:39.300710',688,6,42,36,'2023-08-17 13:04:39.300714'),('2023-08-07',_binary '','2023-08-17 13:04:39.303158',689,4,42,36,'2023-08-17 13:04:39.303162'),('2023-08-07',_binary '','2023-08-17 13:04:39.305611',690,8,42,36,'2023-08-17 13:04:39.305616'),('2023-08-07',_binary '','2023-08-17 13:04:39.308069',691,6,42,36,'2023-08-17 13:04:39.308074'),('2023-08-08',_binary '','2023-08-17 13:04:39.310553',692,4,42,36,'2023-08-17 13:04:39.310557'),('2023-08-08',_binary '','2023-08-17 13:04:39.312993',693,8,42,36,'2023-08-17 13:04:39.312996'),('2023-08-08',_binary '','2023-08-17 13:04:39.315511',694,6,42,36,'2023-08-17 13:04:39.315515'),('2023-08-09',_binary '','2023-08-17 13:04:39.317966',695,4,42,36,'2023-08-17 13:04:39.317971'),('2023-08-09',_binary '','2023-08-17 13:04:39.320538',696,8,42,36,'2023-08-17 13:04:39.320542'),('2023-08-09',_binary '','2023-08-17 13:04:39.323054',697,6,42,36,'2023-08-17 13:04:39.323059'),('2023-08-10',_binary '','2023-08-17 13:04:39.336739',698,4,42,36,'2023-08-17 13:04:39.336743'),('2023-08-10',_binary '','2023-08-17 13:04:39.339616',699,8,42,36,'2023-08-17 13:04:39.339623'),('2023-08-10',_binary '','2023-08-17 13:04:39.342360',700,6,42,36,'2023-08-17 13:04:39.342363'),('2023-08-11',_binary '','2023-08-17 13:04:39.345139',701,4,42,36,'2023-08-17 13:04:39.345142'),('2023-08-11',_binary '','2023-08-17 13:04:39.347742',702,8,42,36,'2023-08-17 13:04:39.347746'),('2023-08-11',_binary '','2023-08-17 13:04:39.350281',703,6,42,36,'2023-08-17 13:04:39.350286'),('2023-08-12',_binary '','2023-08-17 13:04:39.352829',704,4,42,36,'2023-08-17 13:04:39.352834'),('2023-08-12',_binary '','2023-08-17 13:04:39.355468',705,8,42,36,'2023-08-17 13:04:39.355473'),('2023-08-12',_binary '','2023-08-17 13:04:39.358068',706,6,42,36,'2023-08-17 13:04:39.358072'),('2023-08-13',_binary '','2023-08-17 13:04:39.360604',707,4,42,36,'2023-08-17 13:04:39.360608'),('2023-08-13',_binary '','2023-08-17 13:04:39.374298',708,8,42,36,'2023-08-17 13:04:39.374303'),('2023-08-13',_binary '','2023-08-17 13:04:39.377137',709,6,42,36,'2023-08-17 13:04:39.377141'),('2023-08-14',_binary '','2023-08-17 13:04:39.379596',710,4,42,36,'2023-08-17 13:04:39.379602'),('2023-08-14',_binary '','2023-08-17 13:04:39.382030',711,8,42,36,'2023-08-17 13:04:39.382034'),('2023-08-14',_binary '','2023-08-17 13:04:39.384542',712,6,42,36,'2023-08-17 13:04:39.384547'),('2023-08-15',_binary '','2023-08-17 13:04:39.387121',713,4,42,36,'2023-08-17 13:04:39.387126'),('2023-08-15',_binary '','2023-08-17 13:04:39.389583',714,8,42,36,'2023-08-17 13:04:39.389588'),('2023-08-15',_binary '','2023-08-17 13:04:39.392045',715,6,42,36,'2023-08-17 13:04:39.392051'),('2023-08-16',_binary '','2023-08-17 13:04:39.394523',716,4,42,36,'2023-08-17 13:04:39.394526'),('2023-08-16',_binary '','2023-08-17 13:04:39.396973',717,8,42,36,'2023-08-17 13:04:39.396977'),('2023-08-16',_binary '','2023-08-17 13:04:39.399440',718,6,42,36,'2023-08-17 13:04:39.399446'),('2023-08-17',_binary '','2023-08-17 13:04:39.401902',719,4,42,36,'2023-08-17 13:04:39.401910'),('2023-08-17',_binary '','2023-08-17 13:04:39.404591',720,8,42,36,'2023-08-17 13:04:39.404594'),('2023-08-17',_binary '','2023-08-17 13:04:39.407209',721,6,42,36,'2023-08-17 13:04:39.407213'),('2023-06-30',_binary '','2023-08-17 13:06:51.901585',722,7,42,37,'2023-08-17 13:06:51.901590'),('2023-06-30',_binary '','2023-08-17 13:06:51.904141',723,5,42,37,'2023-08-17 13:06:51.904146'),('2023-07-01',_binary '','2023-08-17 13:06:51.906719',724,7,42,37,'2023-08-17 13:06:51.906724'),('2023-07-01',_binary '','2023-08-17 13:06:51.909405',725,5,42,37,'2023-08-17 13:06:51.909409'),('2023-07-02',_binary '','2023-08-17 13:06:51.912121',726,7,42,37,'2023-08-17 13:06:51.912125'),('2023-07-02',_binary '','2023-08-17 13:06:51.914830',727,5,42,37,'2023-08-17 13:06:51.914836'),('2023-07-03',_binary '','2023-08-17 13:06:51.917385',728,7,42,37,'2023-08-17 13:06:51.917389'),('2023-07-03',_binary '','2023-08-17 13:06:51.919912',729,5,42,37,'2023-08-17 13:06:51.919916'),('2023-07-04',_binary '','2023-08-17 13:06:51.922545',730,7,42,37,'2023-08-17 13:06:51.922549'),('2023-07-04',_binary '','2023-08-17 13:06:51.925107',731,5,42,37,'2023-08-17 13:06:51.925112'),('2023-07-05',_binary '','2023-08-17 13:06:51.927727',732,7,42,37,'2023-08-17 13:06:51.927731'),('2023-07-05',_binary '','2023-08-17 13:06:51.930443',733,5,42,37,'2023-08-17 13:06:51.930448'),('2023-07-06',_binary '','2023-08-17 13:06:51.933060',734,7,42,37,'2023-08-17 13:06:51.933064'),('2023-07-06',_binary '','2023-08-17 13:06:51.935692',735,5,42,37,'2023-08-17 13:06:51.935696'),('2023-07-07',_binary '','2023-08-17 13:06:51.938212',736,7,42,37,'2023-08-17 13:06:51.938216'),('2023-07-07',_binary '','2023-08-17 13:06:51.940823',737,5,42,37,'2023-08-17 13:06:51.940827'),('2023-07-08',_binary '','2023-08-17 13:06:51.943375',738,7,42,37,'2023-08-17 13:06:51.943379'),('2023-07-08',_binary '','2023-08-17 13:06:51.945937',739,5,42,37,'2023-08-17 13:06:51.945941'),('2023-07-09',_binary '','2023-08-17 13:06:51.950583',740,7,42,37,'2023-08-17 13:06:51.950587'),('2023-07-09',_binary '','2023-08-17 13:06:51.953141',741,5,42,37,'2023-08-17 13:06:51.953145'),('2023-07-10',_binary '','2023-08-17 13:06:51.955706',742,7,42,37,'2023-08-17 13:06:51.955710'),('2023-07-10',_binary '','2023-08-17 13:06:51.958299',743,5,42,37,'2023-08-17 13:06:51.958303'),('2023-07-11',_binary '','2023-08-17 13:06:51.960855',744,7,42,37,'2023-08-17 13:06:51.960859'),('2023-07-11',_binary '','2023-08-17 13:06:51.963512',745,5,42,37,'2023-08-17 13:06:51.963516'),('2023-07-12',_binary '','2023-08-17 13:06:51.966026',746,7,42,37,'2023-08-17 13:06:51.966030'),('2023-07-12',_binary '','2023-08-17 13:06:51.968601',747,5,42,37,'2023-08-17 13:06:51.968605'),('2023-07-13',_binary '','2023-08-17 13:06:51.971221',748,7,42,37,'2023-08-17 13:06:51.971225'),('2023-07-13',_binary '','2023-08-17 13:06:51.973707',749,5,42,37,'2023-08-17 13:06:51.973711'),('2023-07-14',_binary '','2023-08-17 13:06:51.976200',750,7,42,37,'2023-08-17 13:06:51.976204'),('2023-07-14',_binary '','2023-08-17 13:06:51.978751',751,5,42,37,'2023-08-17 13:06:51.978756'),('2023-07-15',_binary '','2023-08-17 13:06:51.981353',752,7,42,37,'2023-08-17 13:06:51.981357'),('2023-07-15',_binary '','2023-08-17 13:06:51.983840',753,5,42,37,'2023-08-17 13:06:51.983844'),('2023-07-16',_binary '','2023-08-17 13:06:51.986378',754,7,42,37,'2023-08-17 13:06:51.986382'),('2023-07-16',_binary '','2023-08-17 13:06:51.988904',755,5,42,37,'2023-08-17 13:06:51.988910'),('2023-07-17',_binary '','2023-08-17 13:06:51.991418',756,7,42,37,'2023-08-17 13:06:51.991423'),('2023-07-17',_binary '','2023-08-17 13:06:51.993819',757,5,42,37,'2023-08-17 13:06:51.993821'),('2023-07-18',_binary '','2023-08-17 13:06:51.996331',758,7,42,37,'2023-08-17 13:06:51.996332'),('2023-07-18',_binary '','2023-08-17 13:06:51.998801',759,5,42,37,'2023-08-17 13:06:51.998809'),('2023-07-19',_binary '','2023-08-17 13:06:52.001272',760,7,42,37,'2023-08-17 13:06:52.001278'),('2023-07-19',_binary '','2023-08-17 13:06:52.003809',761,5,42,37,'2023-08-17 13:06:52.003814'),('2023-07-20',_binary '','2023-08-17 13:06:52.006279',762,7,42,37,'2023-08-17 13:06:52.006299'),('2023-07-20',_binary '','2023-08-17 13:06:52.008769',763,5,42,37,'2023-08-17 13:06:52.008776'),('2023-07-21',_binary '','2023-08-17 13:06:52.011230',764,7,42,37,'2023-08-17 13:06:52.011232'),('2023-07-21',_binary '','2023-08-17 13:06:52.013659',765,5,42,37,'2023-08-17 13:06:52.013664'),('2023-07-22',_binary '','2023-08-17 13:06:52.016104',766,7,42,37,'2023-08-17 13:06:52.016110'),('2023-07-22',_binary '','2023-08-17 13:06:52.018547',767,5,42,37,'2023-08-17 13:06:52.018550'),('2023-07-23',_binary '','2023-08-17 13:06:52.020936',768,7,42,37,'2023-08-17 13:06:52.020941'),('2023-07-23',_binary '','2023-08-17 13:06:52.023424',769,5,42,37,'2023-08-17 13:06:52.023428'),('2023-07-24',_binary '\0','2023-08-17 13:06:52.025825',770,7,42,37,'2023-08-18 00:32:35.765402'),('2023-07-24',_binary '\0','2023-08-17 13:06:52.028273',771,5,42,37,'2023-08-18 00:33:02.676799'),('2023-07-25',_binary '','2023-08-17 13:06:52.030714',772,7,42,37,'2023-08-17 13:06:52.030722'),('2023-07-25',_binary '','2023-08-17 13:06:52.033239',773,5,42,37,'2023-08-17 13:06:52.033242'),('2023-07-26',_binary '','2023-08-17 13:06:52.035676',774,7,42,37,'2023-08-17 13:06:52.035678'),('2023-07-26',_binary '','2023-08-17 13:06:52.038122',775,5,42,37,'2023-08-17 13:06:52.038125'),('2023-07-27',_binary '','2023-08-17 13:06:52.040633',776,7,42,37,'2023-08-17 13:06:52.040642'),('2023-07-27',_binary '','2023-08-17 13:06:52.043064',777,5,42,37,'2023-08-17 13:06:52.043068'),('2023-07-28',_binary '','2023-08-17 13:06:52.045487',778,7,42,37,'2023-08-17 13:06:52.045490'),('2023-07-28',_binary '','2023-08-17 13:06:52.047963',779,5,42,37,'2023-08-17 13:06:52.047969'),('2023-07-29',_binary '','2023-08-17 13:06:52.050423',780,7,42,37,'2023-08-17 13:06:52.050425'),('2023-07-29',_binary '','2023-08-17 13:06:52.052815',781,5,42,37,'2023-08-17 13:06:52.052819'),('2023-07-30',_binary '','2023-08-17 13:06:52.055241',782,7,42,37,'2023-08-17 13:06:52.055245'),('2023-07-30',_binary '','2023-08-17 13:06:52.057629',783,5,42,37,'2023-08-17 13:06:52.057633'),('2023-07-31',_binary '','2023-08-17 13:06:52.060021',784,7,42,37,'2023-08-17 13:06:52.060024'),('2023-07-31',_binary '','2023-08-17 13:06:52.062450',785,5,42,37,'2023-08-17 13:06:52.062452'),('2023-08-01',_binary '','2023-08-17 13:06:52.064836',786,7,42,37,'2023-08-17 13:06:52.064836'),('2023-08-01',_binary '','2023-08-17 13:06:52.067391',787,5,42,37,'2023-08-17 13:06:52.067395'),('2023-08-02',_binary '','2023-08-17 13:06:52.069823',788,7,42,37,'2023-08-17 13:06:52.069825'),('2023-08-02',_binary '','2023-08-17 13:06:52.072291',789,5,42,37,'2023-08-17 13:06:52.072295'),('2023-08-03',_binary '','2023-08-17 13:06:52.074794',790,7,42,37,'2023-08-17 13:06:52.074798'),('2023-08-03',_binary '','2023-08-17 13:06:52.077224',791,5,42,37,'2023-08-17 13:06:52.077228'),('2023-08-04',_binary '','2023-08-17 13:06:52.079732',792,7,42,37,'2023-08-17 13:06:52.079734'),('2023-08-04',_binary '','2023-08-17 13:06:52.082136',793,5,42,37,'2023-08-17 13:06:52.082141'),('2023-08-05',_binary '','2023-08-17 13:06:52.084599',794,7,42,37,'2023-08-17 13:06:52.084603'),('2023-08-05',_binary '','2023-08-17 13:06:52.087046',795,5,42,37,'2023-08-17 13:06:52.087049'),('2023-08-06',_binary '','2023-08-17 13:06:52.089439',796,7,42,37,'2023-08-17 13:06:52.089442'),('2023-08-06',_binary '','2023-08-17 13:06:52.091893',797,5,42,37,'2023-08-17 13:06:52.091898'),('2023-08-07',_binary '','2023-08-17 13:06:52.094337',798,7,42,37,'2023-08-17 13:06:52.094340'),('2023-08-07',_binary '','2023-08-17 13:06:52.096794',799,5,42,37,'2023-08-17 13:06:52.096796'),('2023-08-08',_binary '','2023-08-17 13:06:52.099224',800,7,42,37,'2023-08-17 13:06:52.099230'),('2023-08-08',_binary '','2023-08-17 13:06:52.101674',801,5,42,37,'2023-08-17 13:06:52.101679'),('2023-08-09',_binary '','2023-08-17 13:06:52.104096',802,7,42,37,'2023-08-17 13:06:52.104098'),('2023-08-09',_binary '','2023-08-17 13:06:52.106524',803,5,42,37,'2023-08-17 13:06:52.106527'),('2023-08-10',_binary '','2023-08-17 13:06:52.108934',804,7,42,37,'2023-08-17 13:06:52.108938'),('2023-08-10',_binary '','2023-08-17 13:06:52.111415',805,5,42,37,'2023-08-17 13:06:52.111417'),('2023-08-11',_binary '','2023-08-17 13:06:52.113841',806,7,42,37,'2023-08-17 13:06:52.113842'),('2023-08-11',_binary '','2023-08-17 13:06:52.116260',807,5,42,37,'2023-08-17 13:06:52.116262'),('2023-08-12',_binary '','2023-08-17 13:06:52.118696',808,7,42,37,'2023-08-17 13:06:52.118700'),('2023-08-12',_binary '','2023-08-17 13:06:52.121133',809,5,42,37,'2023-08-17 13:06:52.121140'),('2023-08-13',_binary '','2023-08-17 13:06:52.123580',810,7,42,37,'2023-08-17 13:06:52.123581'),('2023-08-13',_binary '','2023-08-17 13:06:52.125992',811,5,42,37,'2023-08-17 13:06:52.125994'),('2023-08-14',_binary '','2023-08-17 13:06:52.128416',812,7,42,37,'2023-08-17 13:06:52.128419'),('2023-08-14',_binary '','2023-08-17 13:06:52.130857',813,5,42,37,'2023-08-17 13:06:52.130857'),('2023-08-15',_binary '','2023-08-17 13:06:52.133279',814,7,42,37,'2023-08-17 13:06:52.133284'),('2023-08-15',_binary '','2023-08-17 13:06:52.135666',815,5,42,37,'2023-08-17 13:06:52.135669'),('2023-08-16',_binary '','2023-08-17 13:06:52.138105',816,7,42,37,'2023-08-17 13:06:52.138108'),('2023-08-16',_binary '','2023-08-17 13:06:52.140613',817,5,42,37,'2023-08-17 13:06:52.140616'),('2023-08-17',_binary '','2023-08-17 13:06:52.143069',818,7,42,37,'2023-08-17 13:06:52.143072'),('2023-08-17',_binary '','2023-08-17 13:06:52.145671',819,5,42,37,'2023-08-17 13:06:52.145676'),('2023-06-17',_binary '','2023-08-17 14:23:18.736252',820,1,43,38,'2023-08-17 14:23:18.736256'),('2023-06-17',_binary '','2023-08-17 14:23:18.738605',821,2,43,38,'2023-08-17 14:23:18.738608'),('2023-06-18',_binary '','2023-08-17 14:23:18.740885',822,1,43,38,'2023-08-17 14:23:18.740888'),('2023-06-18',_binary '','2023-08-17 14:23:18.743238',823,2,43,38,'2023-08-17 14:23:18.743241'),('2023-06-19',_binary '','2023-08-17 14:23:18.745527',824,1,43,38,'2023-08-17 14:23:18.745530'),('2023-06-19',_binary '','2023-08-17 14:23:18.747847',825,2,43,38,'2023-08-17 14:23:18.747850'),('2023-06-20',_binary '','2023-08-17 14:23:18.750186',826,1,43,38,'2023-08-17 14:23:18.750189'),('2023-06-20',_binary '','2023-08-17 14:23:18.752497',827,2,43,38,'2023-08-17 14:23:18.752500'),('2023-06-21',_binary '','2023-08-17 14:23:18.754885',828,1,43,38,'2023-08-17 14:23:18.754888'),('2023-06-21',_binary '','2023-08-17 14:23:18.757226',829,2,43,38,'2023-08-17 14:23:18.757228'),('2023-06-22',_binary '','2023-08-17 14:23:18.759552',830,1,43,38,'2023-08-17 14:23:18.759555'),('2023-06-22',_binary '','2023-08-17 14:23:18.761892',831,2,43,38,'2023-08-17 14:23:18.761895'),('2023-06-23',_binary '','2023-08-17 14:23:18.764596',832,1,43,38,'2023-08-17 14:23:18.764599'),('2023-06-23',_binary '','2023-08-17 14:23:18.767060',833,2,43,38,'2023-08-17 14:23:18.767063'),('2023-06-24',_binary '','2023-08-17 14:23:18.769428',834,1,43,38,'2023-08-17 14:23:18.769431'),('2023-06-24',_binary '','2023-08-17 14:23:18.771746',835,2,43,38,'2023-08-17 14:23:18.771749'),('2023-06-25',_binary '','2023-08-17 14:23:18.774100',836,1,43,38,'2023-08-17 14:23:18.774103'),('2023-06-25',_binary '','2023-08-17 14:23:18.776534',837,2,43,38,'2023-08-17 14:23:18.776537'),('2023-06-26',_binary '','2023-08-17 14:23:18.778975',838,1,43,38,'2023-08-17 14:23:18.778978'),('2023-06-26',_binary '','2023-08-17 14:23:18.781352',839,2,43,38,'2023-08-17 14:23:18.781355'),('2023-06-27',_binary '','2023-08-17 14:23:18.783739',840,1,43,38,'2023-08-17 14:23:18.783742'),('2023-06-27',_binary '','2023-08-17 14:23:18.786122',841,2,43,38,'2023-08-17 14:23:18.786126'),('2023-06-28',_binary '','2023-08-17 14:23:18.788687',842,1,43,38,'2023-08-17 14:23:18.788690'),('2023-06-28',_binary '','2023-08-17 14:23:18.791061',843,2,43,38,'2023-08-17 14:23:18.791064'),('2023-06-29',_binary '','2023-08-17 14:23:18.793408',844,1,43,38,'2023-08-17 14:23:18.793410'),('2023-06-29',_binary '','2023-08-17 14:23:18.795795',845,2,43,38,'2023-08-17 14:23:18.795798'),('2023-06-30',_binary '','2023-08-17 14:23:18.803462',846,1,43,38,'2023-08-17 14:23:18.803465'),('2023-06-30',_binary '','2023-08-17 14:23:18.805833',847,2,43,38,'2023-08-17 14:23:18.805836'),('2023-07-01',_binary '','2023-08-17 14:23:18.808222',848,1,43,38,'2023-08-17 14:23:18.808225'),('2023-07-01',_binary '','2023-08-17 14:23:18.810619',849,2,43,38,'2023-08-17 14:23:18.810621'),('2023-07-02',_binary '','2023-08-17 14:23:18.812985',850,1,43,38,'2023-08-17 14:23:18.812988'),('2023-07-02',_binary '','2023-08-17 14:23:18.815389',851,2,43,38,'2023-08-17 14:23:18.815392'),('2023-07-03',_binary '','2023-08-17 14:23:18.817734',852,1,43,38,'2023-08-17 14:23:18.817736'),('2023-07-03',_binary '','2023-08-17 14:23:18.820090',853,2,43,38,'2023-08-17 14:23:18.820093'),('2023-07-04',_binary '','2023-08-17 14:23:18.822492',854,1,43,38,'2023-08-17 14:23:18.822494'),('2023-07-04',_binary '','2023-08-17 14:23:18.824870',855,2,43,38,'2023-08-17 14:23:18.824873'),('2023-07-05',_binary '','2023-08-17 14:23:18.827279',856,1,43,38,'2023-08-17 14:23:18.827281'),('2023-07-05',_binary '','2023-08-17 14:23:18.829624',857,2,43,38,'2023-08-17 14:23:18.829627'),('2023-07-06',_binary '','2023-08-17 14:23:18.832023',858,1,43,38,'2023-08-17 14:23:18.832026'),('2023-07-06',_binary '','2023-08-17 14:23:18.834444',859,2,43,38,'2023-08-17 14:23:18.834447'),('2023-07-07',_binary '','2023-08-17 14:23:18.836821',860,1,43,38,'2023-08-17 14:23:18.836825'),('2023-07-07',_binary '','2023-08-17 14:23:18.839197',861,2,43,38,'2023-08-17 14:23:18.839200'),('2023-07-08',_binary '','2023-08-17 14:23:18.841558',862,1,43,38,'2023-08-17 14:23:18.841561'),('2023-07-08',_binary '','2023-08-17 14:23:18.843897',863,2,43,38,'2023-08-17 14:23:18.843900'),('2023-07-09',_binary '','2023-08-17 14:23:18.846349',864,1,43,38,'2023-08-17 14:23:18.846349'),('2023-07-09',_binary '','2023-08-17 14:23:18.848726',865,2,43,38,'2023-08-17 14:23:18.848726'),('2023-07-10',_binary '','2023-08-17 14:23:18.851136',866,1,43,38,'2023-08-17 14:23:18.851138'),('2023-07-10',_binary '','2023-08-17 14:23:18.853500',867,2,43,38,'2023-08-17 14:23:18.853503'),('2023-07-11',_binary '','2023-08-17 14:23:18.855826',868,1,43,38,'2023-08-17 14:23:18.855826'),('2023-07-11',_binary '','2023-08-17 14:23:18.858198',869,2,43,38,'2023-08-17 14:23:18.858200'),('2023-07-12',_binary '','2023-08-17 14:23:18.860596',870,1,43,38,'2023-08-17 14:23:18.860598'),('2023-07-12',_binary '','2023-08-17 14:23:18.862983',871,2,43,38,'2023-08-17 14:23:18.862985'),('2023-07-13',_binary '','2023-08-17 14:23:18.865332',872,1,43,38,'2023-08-17 14:23:18.865334'),('2023-07-13',_binary '','2023-08-17 14:23:18.867683',873,2,43,38,'2023-08-17 14:23:18.867689'),('2023-07-14',_binary '','2023-08-17 14:23:18.870189',874,1,43,38,'2023-08-17 14:23:18.870191'),('2023-07-14',_binary '','2023-08-17 14:23:18.872633',875,2,43,38,'2023-08-17 14:23:18.872635'),('2023-07-15',_binary '','2023-08-17 14:23:18.875073',876,1,43,38,'2023-08-17 14:23:18.875073'),('2023-07-15',_binary '','2023-08-17 14:23:18.877467',877,2,43,38,'2023-08-17 14:23:18.877470'),('2023-07-16',_binary '','2023-08-17 14:23:18.879790',878,1,43,38,'2023-08-17 14:23:18.879793'),('2023-07-16',_binary '','2023-08-17 14:23:18.882146',879,2,43,38,'2023-08-17 14:23:18.882148'),('2023-07-17',_binary '','2023-08-17 14:23:18.884564',880,1,43,38,'2023-08-17 14:23:18.884565'),('2023-07-17',_binary '','2023-08-17 14:23:18.886989',881,2,43,38,'2023-08-17 14:23:18.886992'),('2023-07-18',_binary '','2023-08-17 14:23:18.889316',882,1,43,38,'2023-08-17 14:23:18.889319'),('2023-07-18',_binary '','2023-08-17 14:23:18.891642',883,2,43,38,'2023-08-17 14:23:18.891645'),('2023-07-19',_binary '','2023-08-17 14:23:18.893990',884,1,43,38,'2023-08-17 14:23:18.893992'),('2023-07-19',_binary '','2023-08-17 14:23:18.896347',885,2,43,38,'2023-08-17 14:23:18.896349'),('2023-07-20',_binary '','2023-08-17 14:23:18.898688',886,1,43,38,'2023-08-17 14:23:18.898691'),('2023-07-20',_binary '','2023-08-17 14:23:18.901013',887,2,43,38,'2023-08-17 14:23:18.901016'),('2023-07-21',_binary '','2023-08-17 14:23:18.903442',888,1,43,38,'2023-08-17 14:23:18.903444'),('2023-07-21',_binary '','2023-08-17 14:23:18.905806',889,2,43,38,'2023-08-17 14:23:18.905809'),('2023-07-22',_binary '','2023-08-17 14:23:18.908151',890,1,43,38,'2023-08-17 14:23:18.908154'),('2023-07-22',_binary '','2023-08-17 14:23:18.910539',891,2,43,38,'2023-08-17 14:23:18.910547'),('2023-07-23',_binary '','2023-08-17 14:23:18.912899',892,1,43,38,'2023-08-17 14:23:18.912902'),('2023-07-23',_binary '','2023-08-17 14:23:18.915265',893,2,43,38,'2023-08-17 14:23:18.915267'),('2023-07-24',_binary '','2023-08-17 14:23:18.917623',894,1,43,38,'2023-08-17 14:23:18.917626'),('2023-07-24',_binary '','2023-08-17 14:23:18.920010',895,2,43,38,'2023-08-17 14:23:18.920014'),('2023-07-25',_binary '','2023-08-17 14:23:18.922365',896,1,43,38,'2023-08-17 14:23:18.922367'),('2023-07-25',_binary '','2023-08-17 14:23:18.924737',897,2,43,38,'2023-08-17 14:23:18.924740'),('2023-07-26',_binary '','2023-08-17 14:23:18.927094',898,1,43,38,'2023-08-17 14:23:18.927097'),('2023-07-26',_binary '','2023-08-17 14:23:18.929450',899,2,43,38,'2023-08-17 14:23:18.929453'),('2023-07-27',_binary '','2023-08-17 14:23:18.931758',900,1,43,38,'2023-08-17 14:23:18.931760'),('2023-07-27',_binary '','2023-08-17 14:23:18.934130',901,2,43,38,'2023-08-17 14:23:18.934132'),('2023-07-28',_binary '','2023-08-17 14:23:18.936511',902,1,43,38,'2023-08-17 14:23:18.936518'),('2023-07-28',_binary '','2023-08-17 14:23:18.938955',903,2,43,38,'2023-08-17 14:23:18.938958'),('2023-07-29',_binary '','2023-08-17 14:23:18.941294',904,1,43,38,'2023-08-17 14:23:18.941296'),('2023-07-29',_binary '','2023-08-17 14:23:18.943665',905,2,43,38,'2023-08-17 14:23:18.943665'),('2023-07-30',_binary '','2023-08-17 14:23:18.946081',906,1,43,38,'2023-08-17 14:23:18.946083'),('2023-07-30',_binary '','2023-08-17 14:23:18.948503',907,2,43,38,'2023-08-17 14:23:18.948505'),('2023-07-31',_binary '','2023-08-17 14:23:18.950939',908,1,43,38,'2023-08-17 14:23:18.950939'),('2023-07-31',_binary '','2023-08-17 14:23:18.953433',909,2,43,38,'2023-08-17 14:23:18.953434'),('2023-08-01',_binary '','2023-08-17 14:23:18.955851',910,1,43,38,'2023-08-17 14:23:18.955854'),('2023-08-01',_binary '','2023-08-17 14:23:18.958335',911,2,43,38,'2023-08-17 14:23:18.958338'),('2023-08-02',_binary '','2023-08-17 14:23:18.960673',912,1,43,38,'2023-08-17 14:23:18.960680'),('2023-08-02',_binary '','2023-08-17 14:23:18.963109',913,2,43,38,'2023-08-17 14:23:18.963112'),('2023-08-03',_binary '','2023-08-17 14:23:18.965493',914,1,43,38,'2023-08-17 14:23:18.965496'),('2023-08-03',_binary '','2023-08-17 14:23:18.967843',915,2,43,38,'2023-08-17 14:23:18.967843'),('2023-08-04',_binary '','2023-08-17 14:23:18.970158',916,1,43,38,'2023-08-17 14:23:18.970162'),('2023-08-04',_binary '','2023-08-17 14:23:18.972507',917,2,43,38,'2023-08-17 14:23:18.972510'),('2023-08-05',_binary '','2023-08-17 14:23:18.975087',918,1,43,38,'2023-08-17 14:23:18.975091'),('2023-08-05',_binary '','2023-08-17 14:23:18.977596',919,2,43,38,'2023-08-17 14:23:18.977599'),('2023-08-06',_binary '','2023-08-17 14:23:18.979952',920,1,43,38,'2023-08-17 14:23:18.979956'),('2023-08-06',_binary '','2023-08-17 14:23:18.982352',921,2,43,38,'2023-08-17 14:23:18.982354'),('2023-08-07',_binary '','2023-08-17 14:23:18.984717',922,1,43,38,'2023-08-17 14:23:18.984719'),('2023-08-07',_binary '','2023-08-17 14:23:18.987041',923,2,43,38,'2023-08-17 14:23:18.987044'),('2023-08-08',_binary '','2023-08-17 14:23:18.989385',924,1,43,38,'2023-08-17 14:23:18.989387'),('2023-08-08',_binary '','2023-08-17 14:23:18.991728',925,2,43,38,'2023-08-17 14:23:18.991730'),('2023-08-09',_binary '','2023-08-17 14:23:18.994057',926,1,43,38,'2023-08-17 14:23:18.994060'),('2023-08-09',_binary '','2023-08-17 14:23:18.996391',927,2,43,38,'2023-08-17 14:23:18.996393'),('2023-08-10',_binary '','2023-08-17 14:23:18.998734',928,1,43,38,'2023-08-17 14:23:18.998736'),('2023-08-10',_binary '','2023-08-17 14:23:19.001110',929,2,43,38,'2023-08-17 14:23:19.001112'),('2023-08-11',_binary '','2023-08-17 14:23:19.003541',930,1,43,38,'2023-08-17 14:23:19.003541'),('2023-08-11',_binary '','2023-08-17 14:23:19.005890',931,2,43,38,'2023-08-17 14:23:19.005893'),('2023-08-12',_binary '','2023-08-17 14:23:19.008342',932,1,43,38,'2023-08-17 14:23:19.008342'),('2023-08-12',_binary '','2023-08-17 14:23:19.010765',933,2,43,38,'2023-08-17 14:23:19.010771'),('2023-08-13',_binary '','2023-08-17 14:23:19.013119',934,1,43,38,'2023-08-17 14:23:19.013125'),('2023-08-13',_binary '','2023-08-17 14:23:19.015525',935,2,43,38,'2023-08-17 14:23:19.015531'),('2023-08-14',_binary '','2023-08-17 14:23:19.017871',936,1,43,38,'2023-08-17 14:23:19.017878'),('2023-08-14',_binary '','2023-08-17 14:23:19.020291',937,2,43,38,'2023-08-17 14:23:19.020294'),('2023-08-15',_binary '','2023-08-17 14:23:19.022735',938,1,43,38,'2023-08-17 14:23:19.022737'),('2023-08-15',_binary '','2023-08-17 14:23:19.025068',939,2,43,38,'2023-08-17 14:23:19.025068'),('2023-08-16',_binary '','2023-08-17 14:23:19.027452',940,1,43,38,'2023-08-17 14:23:19.027457'),('2023-08-16',_binary '','2023-08-17 14:23:19.029840',941,2,43,38,'2023-08-17 14:23:19.029843'),('2023-08-17',_binary '','2023-08-17 14:23:19.032220',942,1,43,38,'2023-08-17 14:23:19.032224'),('2023-08-17',_binary '','2023-08-17 14:23:19.034591',943,2,43,38,'2023-08-17 14:23:19.034593'),('2023-03-17',_binary '','2023-08-17 14:24:32.422216',944,1,43,40,'2023-08-17 14:24:32.422218'),('2023-03-17',_binary '','2023-08-17 14:24:32.424649',945,2,43,40,'2023-08-17 14:24:32.424652'),('2023-03-18',_binary '','2023-08-17 14:24:32.426950',946,1,43,40,'2023-08-17 14:24:32.426953'),('2023-03-18',_binary '','2023-08-17 14:24:32.429373',947,2,43,40,'2023-08-17 14:24:32.429376'),('2023-03-19',_binary '','2023-08-17 14:24:32.431768',948,1,43,40,'2023-08-17 14:24:32.431771'),('2023-03-19',_binary '','2023-08-17 14:24:32.434103',949,2,43,40,'2023-08-17 14:24:32.434106'),('2023-03-20',_binary '','2023-08-17 14:24:32.436380',950,1,43,40,'2023-08-17 14:24:32.436382'),('2023-03-20',_binary '','2023-08-17 14:24:32.438661',951,2,43,40,'2023-08-17 14:24:32.438665'),('2023-03-21',_binary '','2023-08-17 14:24:32.441061',952,1,43,40,'2023-08-17 14:24:32.441064'),('2023-03-21',_binary '','2023-08-17 14:24:32.443385',953,2,43,40,'2023-08-17 14:24:32.443388'),('2023-03-22',_binary '','2023-08-17 14:24:32.445947',954,1,43,40,'2023-08-17 14:24:32.445950'),('2023-03-22',_binary '','2023-08-17 14:24:32.448494',955,2,43,40,'2023-08-17 14:24:32.448501'),('2023-03-23',_binary '','2023-08-17 14:24:32.450844',956,1,43,40,'2023-08-17 14:24:32.450846'),('2023-03-23',_binary '','2023-08-17 14:24:32.453134',957,2,43,40,'2023-08-17 14:24:32.453136'),('2023-03-24',_binary '','2023-08-17 14:24:32.455473',958,1,43,40,'2023-08-17 14:24:32.455475'),('2023-03-24',_binary '','2023-08-17 14:24:32.457813',959,2,43,40,'2023-08-17 14:24:32.457815'),('2023-03-25',_binary '','2023-08-17 14:24:32.460079',960,1,43,40,'2023-08-17 14:24:32.460081'),('2023-03-25',_binary '','2023-08-17 14:24:32.462481',961,2,43,40,'2023-08-17 14:24:32.462485'),('2023-03-26',_binary '','2023-08-17 14:24:32.464801',962,1,43,40,'2023-08-17 14:24:32.464803'),('2023-03-26',_binary '','2023-08-17 14:24:32.467108',963,2,43,40,'2023-08-17 14:24:32.467110'),('2023-03-27',_binary '','2023-08-17 14:24:32.469386',964,1,43,40,'2023-08-17 14:24:32.469389'),('2023-03-27',_binary '','2023-08-17 14:24:32.471690',965,2,43,40,'2023-08-17 14:24:32.471693'),('2023-03-28',_binary '','2023-08-17 14:24:32.474052',966,1,43,40,'2023-08-17 14:24:32.474055'),('2023-03-28',_binary '','2023-08-17 14:24:32.476569',967,2,43,40,'2023-08-17 14:24:32.476572'),('2023-03-29',_binary '','2023-08-17 14:24:32.478919',968,1,43,40,'2023-08-17 14:24:32.478921'),('2023-03-29',_binary '','2023-08-17 14:24:32.481204',969,2,43,40,'2023-08-17 14:24:32.481206'),('2023-03-30',_binary '','2023-08-17 14:24:32.483547',970,1,43,40,'2023-08-17 14:24:32.483549'),('2023-03-30',_binary '','2023-08-17 14:24:32.485868',971,2,43,40,'2023-08-17 14:24:32.485871'),('2023-03-31',_binary '','2023-08-17 14:24:32.488211',972,1,43,40,'2023-08-17 14:24:32.488213'),('2023-03-31',_binary '','2023-08-17 14:24:32.490578',973,2,43,40,'2023-08-17 14:24:32.490581'),('2023-04-01',_binary '','2023-08-17 14:24:32.492889',974,1,43,40,'2023-08-17 14:24:32.492892'),('2023-04-01',_binary '','2023-08-17 14:24:32.495256',975,2,43,40,'2023-08-17 14:24:32.495260'),('2023-04-02',_binary '','2023-08-17 14:24:32.497565',976,1,43,40,'2023-08-17 14:24:32.497568'),('2023-04-02',_binary '','2023-08-17 14:24:32.499871',977,2,43,40,'2023-08-17 14:24:32.499874'),('2023-04-03',_binary '','2023-08-17 14:24:32.502234',978,1,43,40,'2023-08-17 14:24:32.502236'),('2023-04-03',_binary '','2023-08-17 14:24:32.504841',979,2,43,40,'2023-08-17 14:24:32.504844'),('2023-04-04',_binary '','2023-08-17 14:24:32.507189',980,1,43,40,'2023-08-17 14:24:32.507190'),('2023-04-04',_binary '','2023-08-17 14:24:32.509559',981,2,43,40,'2023-08-17 14:24:32.509564'),('2023-04-05',_binary '','2023-08-17 14:24:32.511917',982,1,43,40,'2023-08-17 14:24:32.511920'),('2023-04-05',_binary '','2023-08-17 14:24:32.514247',983,2,43,40,'2023-08-17 14:24:32.514250'),('2023-04-06',_binary '','2023-08-17 14:24:32.516616',984,1,43,40,'2023-08-17 14:24:32.516618'),('2023-04-06',_binary '','2023-08-17 14:24:32.518931',985,2,43,40,'2023-08-17 14:24:32.518933'),('2023-04-07',_binary '','2023-08-17 14:24:32.521245',986,1,43,40,'2023-08-17 14:24:32.521247'),('2023-04-07',_binary '','2023-08-17 14:24:32.523561',987,2,43,40,'2023-08-17 14:24:32.523564'),('2023-04-08',_binary '','2023-08-17 14:24:32.525899',988,1,43,40,'2023-08-17 14:24:32.525900'),('2023-04-08',_binary '','2023-08-17 14:24:32.528277',989,2,43,40,'2023-08-17 14:24:32.528280'),('2023-04-09',_binary '','2023-08-17 14:24:32.530648',990,1,43,40,'2023-08-17 14:24:32.530651'),('2023-04-09',_binary '','2023-08-17 14:24:32.532966',991,2,43,40,'2023-08-17 14:24:32.532968'),('2023-04-10',_binary '','2023-08-17 14:24:32.535392',992,1,43,40,'2023-08-17 14:24:32.535394'),('2023-04-10',_binary '','2023-08-17 14:24:32.537668',993,2,43,40,'2023-08-17 14:24:32.537671'),('2023-04-11',_binary '','2023-08-17 14:24:32.539941',994,1,43,40,'2023-08-17 14:24:32.539943'),('2023-04-11',_binary '','2023-08-17 14:24:32.542368',995,2,43,40,'2023-08-17 14:24:32.542369'),('2023-04-12',_binary '','2023-08-17 14:24:32.544732',996,1,43,40,'2023-08-17 14:24:32.544735'),('2023-04-12',_binary '','2023-08-17 14:24:32.547406',997,2,43,40,'2023-08-17 14:24:32.547409'),('2023-04-13',_binary '','2023-08-17 14:24:32.549683',998,1,43,40,'2023-08-17 14:24:32.549685'),('2023-04-13',_binary '','2023-08-17 14:24:32.551966',999,2,43,40,'2023-08-17 14:24:32.551969'),('2023-04-14',_binary '','2023-08-17 14:24:32.554231',1000,1,43,40,'2023-08-17 14:24:32.554234'),('2023-04-14',_binary '','2023-08-17 14:24:32.556633',1001,2,43,40,'2023-08-17 14:24:32.556635'),('2023-04-15',_binary '','2023-08-17 14:24:32.559039',1002,1,43,40,'2023-08-17 14:24:32.559039'),('2023-04-15',_binary '','2023-08-17 14:24:32.561375',1003,2,43,40,'2023-08-17 14:24:32.561378'),('2023-04-16',_binary '','2023-08-17 14:24:32.563735',1004,1,43,40,'2023-08-17 14:24:32.563738'),('2023-04-16',_binary '','2023-08-17 14:24:32.566026',1005,2,43,40,'2023-08-17 14:24:32.566029'),('2023-04-17',_binary '','2023-08-17 14:24:32.568354',1006,1,43,40,'2023-08-17 14:24:32.568357'),('2023-04-17',_binary '','2023-08-17 14:24:32.570664',1007,2,43,40,'2023-08-17 14:24:32.570667'),('2023-04-18',_binary '','2023-08-17 14:24:32.572964',1008,1,43,40,'2023-08-17 14:24:32.572967'),('2023-04-18',_binary '','2023-08-17 14:24:32.575305',1009,2,43,40,'2023-08-17 14:24:32.575307'),('2023-04-19',_binary '','2023-08-17 14:24:32.577633',1010,1,43,40,'2023-08-17 14:24:32.577635'),('2023-04-19',_binary '','2023-08-17 14:24:32.579927',1011,2,43,40,'2023-08-17 14:24:32.579930'),('2023-04-20',_binary '','2023-08-17 14:24:32.582238',1012,1,43,40,'2023-08-17 14:24:32.582240'),('2023-04-20',_binary '','2023-08-17 14:24:32.584617',1013,2,43,40,'2023-08-17 14:24:32.584619'),('2023-04-21',_binary '','2023-08-17 14:24:32.586911',1014,1,43,40,'2023-08-17 14:24:32.586913'),('2023-04-21',_binary '','2023-08-17 14:24:32.589215',1015,2,43,40,'2023-08-17 14:24:32.589218'),('2023-04-22',_binary '','2023-08-17 14:24:32.591653',1016,1,43,40,'2023-08-17 14:24:32.591656'),('2023-04-22',_binary '','2023-08-17 14:24:32.593995',1017,2,43,40,'2023-08-17 14:24:32.593998'),('2023-04-23',_binary '','2023-08-17 14:24:32.596314',1018,1,43,40,'2023-08-17 14:24:32.596317'),('2023-04-23',_binary '','2023-08-17 14:24:32.598689',1019,2,43,40,'2023-08-17 14:24:32.598691'),('2023-04-24',_binary '','2023-08-17 14:24:32.601082',1020,1,43,40,'2023-08-17 14:24:32.601084'),('2023-04-24',_binary '','2023-08-17 14:24:32.603424',1021,2,43,40,'2023-08-17 14:24:32.603427'),('2023-04-25',_binary '','2023-08-17 14:24:32.605768',1022,1,43,40,'2023-08-17 14:24:32.605770'),('2023-04-25',_binary '','2023-08-17 14:24:32.608109',1023,2,43,40,'2023-08-17 14:24:32.608112'),('2023-04-26',_binary '','2023-08-17 14:24:32.610476',1024,1,43,40,'2023-08-17 14:24:32.610478'),('2023-04-26',_binary '','2023-08-17 14:24:32.612821',1025,2,43,40,'2023-08-17 14:24:32.612824'),('2023-04-27',_binary '','2023-08-17 14:24:32.615206',1026,1,43,40,'2023-08-17 14:24:32.615208'),('2023-04-27',_binary '','2023-08-17 14:24:32.617493',1027,2,43,40,'2023-08-17 14:24:32.617496'),('2023-04-28',_binary '','2023-08-17 14:24:32.620033',1028,1,43,40,'2023-08-17 14:24:32.620036'),('2023-04-28',_binary '','2023-08-17 14:24:32.622405',1029,2,43,40,'2023-08-17 14:24:32.622408'),('2023-04-29',_binary '','2023-08-17 14:24:32.624702',1030,1,43,40,'2023-08-17 14:24:32.624705'),('2023-04-29',_binary '','2023-08-17 14:24:32.627048',1031,2,43,40,'2023-08-17 14:24:32.627050'),('2023-04-30',_binary '','2023-08-17 14:24:32.629318',1032,1,43,40,'2023-08-17 14:24:32.629321'),('2023-04-30',_binary '','2023-08-17 14:24:32.631859',1033,2,43,40,'2023-08-17 14:24:32.631867'),('2023-05-01',_binary '','2023-08-17 14:24:32.634319',1034,1,43,40,'2023-08-17 14:24:32.634319'),('2023-05-01',_binary '','2023-08-17 14:24:32.636700',1035,2,43,40,'2023-08-17 14:24:32.636702'),('2023-05-02',_binary '','2023-08-17 14:24:32.639103',1036,1,43,40,'2023-08-17 14:24:32.639112'),('2023-05-02',_binary '','2023-08-17 14:24:32.641442',1037,2,43,40,'2023-08-17 14:24:32.641444'),('2023-05-03',_binary '','2023-08-17 14:24:32.643727',1038,1,43,40,'2023-08-17 14:24:32.643729'),('2023-05-03',_binary '','2023-08-17 14:24:32.646017',1039,2,43,40,'2023-08-17 14:24:32.646021'),('2023-05-04',_binary '','2023-08-17 14:24:32.648351',1040,1,43,40,'2023-08-17 14:24:32.648354'),('2023-05-04',_binary '','2023-08-17 14:24:32.650730',1041,2,43,40,'2023-08-17 14:24:32.650734'),('2023-05-05',_binary '','2023-08-17 14:24:32.653022',1042,1,43,40,'2023-08-17 14:24:32.653026'),('2023-05-05',_binary '','2023-08-17 14:24:32.655406',1043,2,43,40,'2023-08-17 14:24:32.655410'),('2023-05-06',_binary '','2023-08-17 14:24:32.657747',1044,1,43,40,'2023-08-17 14:24:32.657748'),('2023-05-06',_binary '','2023-08-17 14:24:32.660169',1045,2,43,40,'2023-08-17 14:24:32.660171'),('2023-05-07',_binary '','2023-08-17 14:24:32.662495',1046,1,43,40,'2023-08-17 14:24:32.662504'),('2023-05-07',_binary '','2023-08-17 14:24:32.664956',1047,2,43,40,'2023-08-17 14:24:32.664960'),('2023-05-08',_binary '','2023-08-17 14:24:32.667470',1048,1,43,40,'2023-08-17 14:24:32.667472'),('2023-05-08',_binary '','2023-08-17 14:24:32.669773',1049,2,43,40,'2023-08-17 14:24:32.669775'),('2023-05-09',_binary '','2023-08-17 14:24:32.672186',1050,1,43,40,'2023-08-17 14:24:32.672189'),('2023-05-09',_binary '','2023-08-17 14:24:32.674534',1051,2,43,40,'2023-08-17 14:24:32.674536'),('2023-05-10',_binary '','2023-08-17 14:24:32.676907',1052,1,43,40,'2023-08-17 14:24:32.676910'),('2023-05-10',_binary '','2023-08-17 14:24:32.679287',1053,2,43,40,'2023-08-17 14:24:32.679290'),('2023-05-11',_binary '','2023-08-17 14:24:32.681599',1054,1,43,40,'2023-08-17 14:24:32.681600'),('2023-05-11',_binary '','2023-08-17 14:24:32.683925',1055,2,43,40,'2023-08-17 14:24:32.683933'),('2023-05-12',_binary '','2023-08-17 14:24:32.686232',1056,1,43,40,'2023-08-17 14:24:32.686234'),('2023-05-12',_binary '','2023-08-17 14:24:32.688618',1057,2,43,40,'2023-08-17 14:24:32.688620'),('2023-05-13',_binary '','2023-08-17 14:24:32.692831',1058,1,43,40,'2023-08-17 14:24:32.692833'),('2023-05-13',_binary '','2023-08-17 14:24:32.695226',1059,2,43,40,'2023-08-17 14:24:32.695226'),('2023-05-14',_binary '','2023-08-17 14:24:32.697597',1060,1,43,40,'2023-08-17 14:24:32.697597'),('2023-05-14',_binary '','2023-08-17 14:24:32.699979',1061,2,43,40,'2023-08-17 14:24:32.699985'),('2023-05-15',_binary '','2023-08-17 14:24:32.702303',1062,1,43,40,'2023-08-17 14:24:32.702305'),('2023-05-15',_binary '','2023-08-17 14:24:32.704627',1063,2,43,40,'2023-08-17 14:24:32.704629'),('2023-05-16',_binary '','2023-08-17 14:24:32.706975',1064,1,43,40,'2023-08-17 14:24:32.706982'),('2023-05-16',_binary '','2023-08-17 14:24:32.709352',1065,2,43,40,'2023-08-17 14:24:32.709355'),('2023-05-17',_binary '','2023-08-17 14:24:32.711665',1066,1,43,40,'2023-08-17 14:24:32.711666'),('2023-05-17',_binary '','2023-08-17 14:24:32.714021',1067,2,43,40,'2023-08-17 14:24:32.714024'),('2023-05-18',_binary '','2023-08-17 14:24:32.716428',1068,1,43,40,'2023-08-17 14:24:32.716428'),('2023-05-18',_binary '','2023-08-17 14:24:32.718965',1069,2,43,40,'2023-08-17 14:24:32.718969'),('2023-05-19',_binary '','2023-08-17 14:24:32.721322',1070,1,43,40,'2023-08-17 14:24:32.721323'),('2023-05-19',_binary '','2023-08-17 14:24:32.723748',1071,2,43,40,'2023-08-17 14:24:32.723748'),('2023-05-20',_binary '','2023-08-17 14:24:32.726107',1072,1,43,40,'2023-08-17 14:24:32.726108'),('2023-05-20',_binary '','2023-08-17 14:24:32.728531',1073,2,43,40,'2023-08-17 14:24:32.728532'),('2023-05-21',_binary '','2023-08-17 14:24:32.730890',1074,1,43,40,'2023-08-17 14:24:32.730895'),('2023-05-21',_binary '','2023-08-17 14:24:32.733240',1075,2,43,40,'2023-08-17 14:24:32.733243'),('2023-05-22',_binary '','2023-08-17 14:24:32.735608',1076,1,43,40,'2023-08-17 14:24:32.735608'),('2023-05-22',_binary '','2023-08-17 14:24:32.737932',1077,2,43,40,'2023-08-17 14:24:32.737936'),('2023-05-23',_binary '','2023-08-17 14:24:32.740271',1078,1,43,40,'2023-08-17 14:24:32.740278'),('2023-05-23',_binary '','2023-08-17 14:24:32.742607',1079,2,43,40,'2023-08-17 14:24:32.742613'),('2023-05-24',_binary '','2023-08-17 14:24:32.744978',1080,1,43,40,'2023-08-17 14:24:32.744981'),('2023-05-24',_binary '','2023-08-17 14:24:32.747427',1081,2,43,40,'2023-08-17 14:24:32.747429'),('2023-05-25',_binary '','2023-08-17 14:24:32.749832',1082,1,43,40,'2023-08-17 14:24:32.749836'),('2023-05-25',_binary '','2023-08-17 14:24:32.752178',1083,2,43,40,'2023-08-17 14:24:32.752181'),('2023-05-26',_binary '','2023-08-17 14:24:32.756579',1084,1,43,40,'2023-08-17 14:24:32.756581'),('2023-05-26',_binary '','2023-08-17 14:24:32.759021',1085,2,43,40,'2023-08-17 14:24:32.759023'),('2023-05-27',_binary '','2023-08-17 14:24:32.761434',1086,1,43,40,'2023-08-17 14:24:32.761437'),('2023-05-27',_binary '','2023-08-17 14:24:32.763836',1087,2,43,40,'2023-08-17 14:24:32.763839'),('2023-05-28',_binary '','2023-08-17 14:24:32.766113',1088,1,43,40,'2023-08-17 14:24:32.766115'),('2023-05-28',_binary '','2023-08-17 14:24:32.768525',1089,2,43,40,'2023-08-17 14:24:32.768528'),('2023-05-29',_binary '','2023-08-17 14:24:32.770903',1090,1,43,40,'2023-08-17 14:24:32.770906'),('2023-05-29',_binary '','2023-08-17 14:24:32.773236',1091,2,43,40,'2023-08-17 14:24:32.773238'),('2023-05-30',_binary '','2023-08-17 14:24:32.775581',1092,1,43,40,'2023-08-17 14:24:32.775584'),('2023-05-30',_binary '','2023-08-17 14:24:32.777910',1093,2,43,40,'2023-08-17 14:24:32.777913'),('2023-05-31',_binary '','2023-08-17 14:24:32.780255',1094,1,43,40,'2023-08-17 14:24:32.780257'),('2023-05-31',_binary '','2023-08-17 14:24:32.782598',1095,2,43,40,'2023-08-17 14:24:32.782604'),('2023-06-01',_binary '','2023-08-17 14:24:32.784934',1096,1,43,40,'2023-08-17 14:24:32.784940'),('2023-06-01',_binary '','2023-08-17 14:24:32.787336',1097,2,43,40,'2023-08-17 14:24:32.787339'),('2023-06-02',_binary '','2023-08-17 14:24:32.789616',1098,1,43,40,'2023-08-17 14:24:32.789621'),('2023-06-02',_binary '','2023-08-17 14:24:32.792028',1099,2,43,40,'2023-08-17 14:24:32.792031'),('2023-06-03',_binary '','2023-08-17 14:24:32.794406',1100,1,43,40,'2023-08-17 14:24:32.794409'),('2023-06-03',_binary '','2023-08-17 14:24:32.796827',1101,2,43,40,'2023-08-17 14:24:32.796829'),('2023-06-04',_binary '','2023-08-17 14:24:32.799257',1102,1,43,40,'2023-08-17 14:24:32.799260'),('2023-06-04',_binary '','2023-08-17 14:24:32.801620',1103,2,43,40,'2023-08-17 14:24:32.801622'),('2023-06-05',_binary '','2023-08-17 14:24:32.803945',1104,1,43,40,'2023-08-17 14:24:32.803948'),('2023-06-05',_binary '','2023-08-17 14:24:32.806234',1105,2,43,40,'2023-08-17 14:24:32.806236'),('2023-06-06',_binary '','2023-08-17 14:24:32.808553',1106,1,43,40,'2023-08-17 14:24:32.808555'),('2023-06-06',_binary '','2023-08-17 14:24:32.810943',1107,2,43,40,'2023-08-17 14:24:32.810946'),('2023-06-07',_binary '','2023-08-17 14:24:32.813260',1108,1,43,40,'2023-08-17 14:24:32.813262'),('2023-06-07',_binary '','2023-08-17 14:24:32.815595',1109,2,43,40,'2023-08-17 14:24:32.815597'),('2023-06-08',_binary '','2023-08-17 14:24:32.817881',1110,1,43,40,'2023-08-17 14:24:32.817884'),('2023-06-08',_binary '','2023-08-17 14:24:32.820214',1111,2,43,40,'2023-08-17 14:24:32.820216'),('2023-06-09',_binary '','2023-08-17 14:24:32.822613',1112,1,43,40,'2023-08-17 14:24:32.822615'),('2023-06-09',_binary '','2023-08-17 14:24:32.824916',1113,2,43,40,'2023-08-17 14:24:32.824919'),('2023-06-10',_binary '','2023-08-17 14:24:32.827260',1114,1,43,40,'2023-08-17 14:24:32.827263'),('2023-06-10',_binary '','2023-08-17 14:24:32.829579',1115,2,43,40,'2023-08-17 14:24:32.829581'),('2023-06-11',_binary '','2023-08-17 14:24:32.831897',1116,1,43,40,'2023-08-17 14:24:32.831899'),('2023-06-11',_binary '','2023-08-17 14:24:32.834204',1117,2,43,40,'2023-08-17 14:24:32.834206'),('2023-06-12',_binary '','2023-08-17 14:24:32.836539',1118,1,43,40,'2023-08-17 14:24:32.836542'),('2023-06-12',_binary '','2023-08-17 14:24:32.838892',1119,2,43,40,'2023-08-17 14:24:32.838894'),('2023-06-13',_binary '','2023-08-17 14:24:32.841167',1120,1,43,40,'2023-08-17 14:24:32.841169'),('2023-06-13',_binary '','2023-08-17 14:24:32.843512',1121,2,43,40,'2023-08-17 14:24:32.843515'),('2023-06-14',_binary '','2023-08-17 14:24:32.845789',1122,1,43,40,'2023-08-17 14:24:32.845792'),('2023-06-14',_binary '','2023-08-17 14:24:32.848097',1123,2,43,40,'2023-08-17 14:24:32.848100'),('2023-06-15',_binary '','2023-08-17 14:24:32.850487',1124,1,43,40,'2023-08-17 14:24:32.850490'),('2023-06-15',_binary '','2023-08-17 14:24:32.852759',1125,2,43,40,'2023-08-17 14:24:32.852762'),('2023-06-16',_binary '','2023-08-17 14:24:32.855122',1126,1,43,40,'2023-08-17 14:24:32.855125'),('2023-06-16',_binary '','2023-08-17 14:24:32.857457',1127,2,43,40,'2023-08-17 14:24:32.857460'),('2023-06-17',_binary '','2023-08-17 14:24:32.859901',1128,1,43,40,'2023-08-17 14:24:32.859903'),('2023-06-17',_binary '','2023-08-17 14:24:32.862187',1129,2,43,40,'2023-08-17 14:24:32.862189'),('2023-06-18',_binary '','2023-08-17 14:24:32.864551',1130,1,43,40,'2023-08-17 14:24:32.864554'),('2023-06-18',_binary '','2023-08-17 14:24:32.866949',1131,2,43,40,'2023-08-17 14:24:32.866951'),('2023-06-19',_binary '','2023-08-17 14:24:32.869227',1132,1,43,40,'2023-08-17 14:24:32.869229'),('2023-06-19',_binary '','2023-08-17 14:24:32.871575',1133,2,43,40,'2023-08-17 14:24:32.871578'),('2023-06-20',_binary '','2023-08-17 14:24:32.873945',1134,1,43,40,'2023-08-17 14:24:32.873948'),('2023-06-20',_binary '','2023-08-17 14:24:32.876294',1135,2,43,40,'2023-08-17 14:24:32.876297'),('2023-06-21',_binary '','2023-08-17 14:24:32.878634',1136,1,43,40,'2023-08-17 14:24:32.878637'),('2023-06-21',_binary '','2023-08-17 14:24:32.881007',1137,2,43,40,'2023-08-17 14:24:32.881010'),('2023-06-22',_binary '','2023-08-17 14:24:32.883393',1138,1,43,40,'2023-08-17 14:24:32.883396'),('2023-06-22',_binary '','2023-08-17 14:24:32.885804',1139,2,43,40,'2023-08-17 14:24:32.885807'),('2023-06-23',_binary '','2023-08-17 14:24:32.888170',1140,1,43,40,'2023-08-17 14:24:32.888173'),('2023-06-23',_binary '','2023-08-17 14:24:32.890580',1141,2,43,40,'2023-08-17 14:24:32.890584'),('2023-06-24',_binary '','2023-08-17 14:24:32.892889',1142,1,43,40,'2023-08-17 14:24:32.892892'),('2023-06-24',_binary '','2023-08-17 14:24:32.895232',1143,2,43,40,'2023-08-17 14:24:32.895236'),('2023-06-25',_binary '','2023-08-17 14:24:32.897581',1144,1,43,40,'2023-08-17 14:24:32.897584'),('2023-06-25',_binary '','2023-08-17 14:24:32.899932',1145,2,43,40,'2023-08-17 14:24:32.899935'),('2023-06-26',_binary '','2023-08-17 14:24:32.902248',1146,1,43,40,'2023-08-17 14:24:32.902250'),('2023-06-26',_binary '','2023-08-17 14:24:32.904580',1147,2,43,40,'2023-08-17 14:24:32.904583'),('2023-06-27',_binary '','2023-08-17 14:24:32.906895',1148,1,43,40,'2023-08-17 14:24:32.906897'),('2023-06-27',_binary '','2023-08-17 14:24:32.909183',1149,2,43,40,'2023-08-17 14:24:32.909186'),('2023-06-28',_binary '','2023-08-17 14:24:32.911572',1150,1,43,40,'2023-08-17 14:24:32.911574'),('2023-06-28',_binary '','2023-08-17 14:24:32.913919',1151,2,43,40,'2023-08-17 14:24:32.913921'),('2023-06-29',_binary '','2023-08-17 14:24:32.916320',1152,1,43,40,'2023-08-17 14:24:32.916322'),('2023-06-29',_binary '','2023-08-17 14:24:32.918697',1153,2,43,40,'2023-08-17 14:24:32.918700'),('2023-06-30',_binary '','2023-08-17 14:24:32.920990',1154,1,43,40,'2023-08-17 14:24:32.920993'),('2023-06-30',_binary '','2023-08-17 14:24:32.923302',1155,2,43,40,'2023-08-17 14:24:32.923305'),('2023-07-01',_binary '','2023-08-17 14:24:32.925633',1156,1,43,40,'2023-08-17 14:24:32.925635'),('2023-07-01',_binary '','2023-08-17 14:24:32.927974',1157,2,43,40,'2023-08-17 14:24:32.927977'),('2023-07-02',_binary '','2023-08-17 14:24:32.930391',1158,1,43,40,'2023-08-17 14:24:32.930394'),('2023-07-02',_binary '','2023-08-17 14:24:32.932719',1159,2,43,40,'2023-08-17 14:24:32.932721'),('2023-07-03',_binary '','2023-08-17 14:24:32.935016',1160,1,43,40,'2023-08-17 14:24:32.935019'),('2023-07-03',_binary '','2023-08-17 14:24:32.937309',1161,2,43,40,'2023-08-17 14:24:32.937311'),('2023-07-04',_binary '','2023-08-17 14:24:32.939593',1162,1,43,40,'2023-08-17 14:24:32.939595'),('2023-07-04',_binary '','2023-08-17 14:24:32.941931',1163,2,43,40,'2023-08-17 14:24:32.941934'),('2023-07-05',_binary '','2023-08-17 14:24:32.944271',1164,1,43,40,'2023-08-17 14:24:32.944274'),('2023-07-05',_binary '','2023-08-17 14:24:32.946575',1165,2,43,40,'2023-08-17 14:24:32.946578'),('2023-07-06',_binary '','2023-08-17 14:24:32.948974',1166,1,43,40,'2023-08-17 14:24:32.948977'),('2023-07-06',_binary '','2023-08-17 14:24:32.951269',1167,2,43,40,'2023-08-17 14:24:32.951272'),('2023-07-07',_binary '','2023-08-17 14:24:32.953586',1168,1,43,40,'2023-08-17 14:24:32.953589'),('2023-07-07',_binary '','2023-08-17 14:24:32.955874',1169,2,43,40,'2023-08-17 14:24:32.955877'),('2023-07-08',_binary '','2023-08-17 14:24:32.958255',1170,1,43,40,'2023-08-17 14:24:32.958276'),('2023-07-08',_binary '','2023-08-17 14:24:32.960685',1171,2,43,40,'2023-08-17 14:24:32.960687'),('2023-07-09',_binary '','2023-08-17 14:24:32.962982',1172,1,43,40,'2023-08-17 14:24:32.962984'),('2023-07-09',_binary '','2023-08-17 14:24:32.965385',1173,2,43,40,'2023-08-17 14:24:32.965388'),('2023-07-10',_binary '','2023-08-17 14:24:32.967678',1174,1,43,40,'2023-08-17 14:24:32.967681'),('2023-07-10',_binary '','2023-08-17 14:24:32.970007',1175,2,43,40,'2023-08-17 14:24:32.970009'),('2023-07-11',_binary '','2023-08-17 14:24:32.972454',1176,1,43,40,'2023-08-17 14:24:32.972456'),('2023-07-11',_binary '','2023-08-17 14:24:32.974786',1177,2,43,40,'2023-08-17 14:24:32.974788'),('2023-07-12',_binary '','2023-08-17 14:24:32.977072',1178,1,43,40,'2023-08-17 14:24:32.977075'),('2023-07-12',_binary '','2023-08-17 14:24:32.979414',1179,2,43,40,'2023-08-17 14:24:32.979417'),('2023-07-13',_binary '','2023-08-17 14:24:32.981742',1180,1,43,40,'2023-08-17 14:24:32.981742'),('2023-07-13',_binary '','2023-08-17 14:24:32.984135',1181,2,43,40,'2023-08-17 14:24:32.984142'),('2023-07-14',_binary '','2023-08-17 14:24:32.986442',1182,1,43,40,'2023-08-17 14:24:32.986448'),('2023-07-14',_binary '','2023-08-17 14:24:32.988788',1183,2,43,40,'2023-08-17 14:24:32.988795'),('2023-07-15',_binary '','2023-08-17 14:24:32.991111',1184,1,43,40,'2023-08-17 14:24:32.991114'),('2023-07-15',_binary '','2023-08-17 14:24:32.993455',1185,2,43,40,'2023-08-17 14:24:32.993462'),('2023-07-16',_binary '','2023-08-17 14:24:32.995741',1186,1,43,40,'2023-08-17 14:24:32.995747'),('2023-07-16',_binary '','2023-08-17 14:24:32.998011',1187,2,43,40,'2023-08-17 14:24:32.998014'),('2023-07-17',_binary '','2023-08-17 14:24:33.000358',1188,1,43,40,'2023-08-17 14:24:33.000361'),('2023-07-17',_binary '','2023-08-17 14:24:33.002638',1189,2,43,40,'2023-08-17 14:24:33.002644'),('2023-07-18',_binary '','2023-08-17 14:24:33.004884',1190,1,43,40,'2023-08-17 14:24:33.004890'),('2023-07-18',_binary '','2023-08-17 14:24:33.007177',1191,2,43,40,'2023-08-17 14:24:33.007180'),('2023-07-19',_binary '','2023-08-17 14:24:33.009454',1192,1,43,40,'2023-08-17 14:24:33.009460'),('2023-07-19',_binary '','2023-08-17 14:24:33.011759',1193,2,43,40,'2023-08-17 14:24:33.011765'),('2023-07-20',_binary '','2023-08-17 14:24:33.014093',1194,1,43,40,'2023-08-17 14:24:33.014099'),('2023-07-20',_binary '','2023-08-17 14:24:33.016504',1195,2,43,40,'2023-08-17 14:24:33.016506'),('2023-07-21',_binary '','2023-08-17 14:24:33.018901',1196,1,43,40,'2023-08-17 14:24:33.018903'),('2023-07-21',_binary '','2023-08-17 14:24:33.021203',1197,2,43,40,'2023-08-17 14:24:33.021205'),('2023-07-22',_binary '','2023-08-17 14:24:33.023669',1198,1,43,40,'2023-08-17 14:24:33.023672'),('2023-07-22',_binary '','2023-08-17 14:24:33.025980',1199,2,43,40,'2023-08-17 14:24:33.025982'),('2023-07-23',_binary '','2023-08-17 14:24:33.028379',1200,1,43,40,'2023-08-17 14:24:33.028382'),('2023-07-23',_binary '','2023-08-17 14:24:33.030778',1201,2,43,40,'2023-08-17 14:24:33.030781'),('2023-07-24',_binary '','2023-08-17 14:24:33.033049',1202,1,43,40,'2023-08-17 14:24:33.033056'),('2023-07-24',_binary '','2023-08-17 14:24:33.035394',1203,2,43,40,'2023-08-17 14:24:33.035397'),('2023-07-25',_binary '','2023-08-17 14:24:33.037672',1204,1,43,40,'2023-08-17 14:24:33.037673'),('2023-07-25',_binary '','2023-08-17 14:24:33.040047',1205,2,43,40,'2023-08-17 14:24:33.040049'),('2023-07-26',_binary '','2023-08-17 14:24:33.042373',1206,1,43,40,'2023-08-17 14:24:33.042375'),('2023-07-26',_binary '','2023-08-17 14:24:33.044651',1207,2,43,40,'2023-08-17 14:24:33.044651'),('2023-07-27',_binary '','2023-08-17 14:24:33.047027',1208,1,43,40,'2023-08-17 14:24:33.047030'),('2023-07-27',_binary '','2023-08-17 14:24:33.049385',1209,2,43,40,'2023-08-17 14:24:33.049388'),('2023-07-28',_binary '','2023-08-17 14:24:33.051683',1210,1,43,40,'2023-08-17 14:24:33.051685'),('2023-07-28',_binary '','2023-08-17 14:24:33.053944',1211,2,43,40,'2023-08-17 14:24:33.053947'),('2023-07-29',_binary '','2023-08-17 14:24:33.056281',1212,1,43,40,'2023-08-17 14:24:33.056284'),('2023-07-29',_binary '','2023-08-17 14:24:33.058639',1213,2,43,40,'2023-08-17 14:24:33.058641'),('2023-07-30',_binary '','2023-08-17 14:24:33.060996',1214,1,43,40,'2023-08-17 14:24:33.060999'),('2023-07-30',_binary '','2023-08-17 14:24:33.063342',1215,2,43,40,'2023-08-17 14:24:33.063344'),('2023-07-31',_binary '','2023-08-17 14:24:33.065653',1216,1,43,40,'2023-08-17 14:24:33.065656'),('2023-07-31',_binary '','2023-08-17 14:24:33.068003',1217,2,43,40,'2023-08-17 14:24:33.068005'),('2023-08-01',_binary '','2023-08-17 14:24:33.070285',1218,1,43,40,'2023-08-17 14:24:33.070288'),('2023-08-01',_binary '','2023-08-17 14:24:33.072628',1219,2,43,40,'2023-08-17 14:24:33.072630'),('2023-08-02',_binary '','2023-08-17 14:24:33.074949',1220,1,43,40,'2023-08-17 14:24:33.074952'),('2023-08-02',_binary '','2023-08-17 14:24:33.077216',1221,2,43,40,'2023-08-17 14:24:33.077219'),('2023-08-03',_binary '','2023-08-17 14:24:33.079598',1222,1,43,40,'2023-08-17 14:24:33.079601'),('2023-08-03',_binary '','2023-08-17 14:24:33.081900',1223,2,43,40,'2023-08-17 14:24:33.081903'),('2023-08-04',_binary '','2023-08-17 14:24:33.084216',1224,1,43,40,'2023-08-17 14:24:33.084218'),('2023-08-04',_binary '','2023-08-17 14:24:33.086503',1225,2,43,40,'2023-08-17 14:24:33.086506'),('2023-08-05',_binary '','2023-08-17 14:24:33.088786',1226,1,43,40,'2023-08-17 14:24:33.088788'),('2023-08-05',_binary '','2023-08-17 14:24:33.091088',1227,2,43,40,'2023-08-17 14:24:33.091090'),('2023-08-06',_binary '','2023-08-17 14:24:33.093360',1228,1,43,40,'2023-08-17 14:24:33.093363'),('2023-08-06',_binary '','2023-08-17 14:24:33.095666',1229,2,43,40,'2023-08-17 14:24:33.095669'),('2023-08-07',_binary '','2023-08-17 14:24:33.097984',1230,1,43,40,'2023-08-17 14:24:33.097986'),('2023-08-07',_binary '','2023-08-17 14:24:33.100280',1231,2,43,40,'2023-08-17 14:24:33.100283'),('2023-08-08',_binary '','2023-08-17 14:24:33.102670',1232,1,43,40,'2023-08-17 14:24:33.102672'),('2023-08-08',_binary '','2023-08-17 14:24:33.105045',1233,2,43,40,'2023-08-17 14:24:33.105048'),('2023-08-09',_binary '','2023-08-17 14:24:33.107382',1234,1,43,40,'2023-08-17 14:24:33.107385'),('2023-08-09',_binary '','2023-08-17 14:24:33.109730',1235,2,43,40,'2023-08-17 14:24:33.109733'),('2023-08-10',_binary '','2023-08-17 14:24:33.112065',1236,1,43,40,'2023-08-17 14:24:33.112068'),('2023-08-10',_binary '','2023-08-17 14:24:33.114364',1237,2,43,40,'2023-08-17 14:24:33.114367'),('2023-08-11',_binary '','2023-08-17 14:24:33.116628',1238,1,43,40,'2023-08-17 14:24:33.116631'),('2023-08-11',_binary '','2023-08-17 14:24:33.118905',1239,2,43,40,'2023-08-17 14:24:33.118908'),('2023-08-12',_binary '','2023-08-17 14:24:33.121218',1240,1,43,40,'2023-08-17 14:24:33.121221'),('2023-08-12',_binary '','2023-08-17 14:24:33.123464',1241,2,43,40,'2023-08-17 14:24:33.123466'),('2023-08-13',_binary '','2023-08-17 14:24:33.125718',1242,1,43,40,'2023-08-17 14:24:33.125721'),('2023-08-13',_binary '','2023-08-17 14:24:33.127967',1243,2,43,40,'2023-08-17 14:24:33.127973'),('2023-08-14',_binary '','2023-08-17 14:24:33.130224',1244,1,43,40,'2023-08-17 14:24:33.130226'),('2023-08-14',_binary '','2023-08-17 14:24:33.132505',1245,2,43,40,'2023-08-17 14:24:33.132511'),('2023-08-15',_binary '','2023-08-17 14:24:33.134769',1246,1,43,40,'2023-08-17 14:24:33.134774'),('2023-08-15',_binary '','2023-08-17 14:24:33.137038',1247,2,43,40,'2023-08-17 14:24:33.137041'),('2023-08-16',_binary '','2023-08-17 14:24:33.139375',1248,1,43,40,'2023-08-17 14:24:33.139375'),('2023-08-16',_binary '','2023-08-17 14:24:33.141659',1249,2,43,40,'2023-08-17 14:24:33.141660'),('2023-08-17',_binary '','2023-08-17 14:24:33.148994',1250,1,43,40,'2023-08-17 14:24:33.148994'),('2023-08-17',_binary '','2023-08-17 14:24:33.151329',1251,2,43,40,'2023-08-17 14:24:33.151335'),('2023-08-18',_binary '','2023-08-17 15:00:00.076713',1252,3,42,34,'2023-08-18 01:43:26.205991'),('2023-08-18',_binary '','2023-08-17 15:00:00.078653',1253,7,42,34,'2023-08-18 01:43:44.611371'),('2023-08-18',_binary '','2023-08-17 15:00:00.080325',1254,5,42,34,'2023-08-18 01:43:53.170386'),('2023-08-18',_binary '','2023-08-17 15:00:00.089605',1255,1,42,35,'2023-08-18 00:33:32.849683'),('2023-08-18',_binary '','2023-08-17 15:00:00.091295',1256,8,42,35,'2023-08-18 01:38:15.927992'),('2023-08-18',_binary '','2023-08-17 15:00:00.092915',1257,2,42,35,'2023-08-18 01:43:54.846085'),('2023-08-18',_binary '','2023-08-17 15:00:00.102164',1258,4,42,36,'2023-08-18 01:43:24.290420'),('2023-08-18',_binary '','2023-08-17 15:00:00.103824',1259,8,42,36,'2023-08-18 01:38:15.936744'),('2023-08-18',_binary '','2023-08-17 15:00:00.105414',1260,6,42,36,'2023-08-18 01:43:47.632535'),('2023-08-18',_binary '','2023-08-17 15:00:00.114102',1261,7,42,37,'2023-08-18 01:43:44.607779'),('2023-08-18',_binary '','2023-08-17 15:00:00.115766',1262,5,42,37,'2023-08-18 01:43:53.139921'),('2023-08-18',_binary '\0','2023-08-17 15:00:00.147301',1263,1,43,38,'2023-08-17 15:00:00.147303'),('2023-08-18',_binary '\0','2023-08-17 15:00:00.149864',1264,2,43,38,'2023-08-17 15:00:00.149868'),('2023-08-18',_binary '\0','2023-08-17 15:00:00.159057',1265,3,43,39,'2023-08-17 15:00:00.159058'),('2023-08-18',_binary '\0','2023-08-17 15:00:00.160701',1266,5,43,39,'2023-08-17 15:00:00.160707'),('2023-08-18',_binary '\0','2023-08-17 15:00:00.169878',1267,1,43,40,'2023-08-17 15:00:00.169879'),('2023-08-18',_binary '\0','2023-08-17 15:00:00.171521',1268,2,43,40,'2023-08-17 15:00:00.171527'),('2023-08-18',_binary '\0','2023-08-18 00:05:03.612799',1269,5,44,41,'2023-08-18 00:05:03.612802'),('2023-08-18',_binary '\0','2023-08-18 00:05:03.617820',1270,2,44,41,'2023-08-18 00:05:03.617823'),('2023-08-18',_binary '','2023-08-18 01:35:40.854081',1271,8,42,42,'2023-08-18 01:38:15.942611'),('2023-08-18',_binary '','2023-08-18 01:35:40.856437',1272,6,42,42,'2023-08-18 01:43:47.626727');
/*!40000 ALTER TABLE `medicine_routine_check` ENABLE KEYS */;
UNLOCK TABLES;

--
-- Table structure for table `member`
--

DROP TABLE IF EXISTS `member`;
/*!40101 SET @saved_cs_client     = @@character_set_client */;
/*!50503 SET character_set_client = utf8mb4 */;
CREATE TABLE `member` (
  `agreement` bit(1) DEFAULT NULL,
  `bed_time` time(6) DEFAULT NULL,
  `breakfast_time` time(6) DEFAULT NULL,
  `dinner_time` time(6) DEFAULT NULL,
  `eating_duration` time(6) DEFAULT NULL,
  `lunch_time` time(6) DEFAULT NULL,
  `wake_time` time(6) DEFAULT NULL,
  `created_at` datetime(6) DEFAULT NULL,
  `id` bigint(20) NOT NULL AUTO_INCREMENT,
  `updated_at` datetime(6) DEFAULT NULL,
  `nickname` varchar(20) DEFAULT NULL,
  `provider_name` varchar(20) DEFAULT NULL,
  `provider_id` varchar(255) DEFAULT NULL,
  `refresh_token` varchar(255) DEFAULT NULL,
  `role` enum('ADMIN','GUEST','USER') DEFAULT NULL,
  PRIMARY KEY (`id`),
  UNIQUE KEY `UK_hh9kg6jti4n1eoiertn2k6qsc` (`nickname`)
) ENGINE=InnoDB AUTO_INCREMENT=45 DEFAULT CHARSET=utf8mb4 COLLATE=utf8mb4_general_ci;
/*!40101 SET character_set_client = @saved_cs_client */;

--
-- Dumping data for table `member`
--

LOCK TABLES `member` WRITE;
/*!40000 ALTER TABLE `member` DISABLE KEYS */;
INSERT INTO `member` VALUES (_binary '','23:00:00.000000','08:21:00.000000','18:00:00.000000','01:20:00.000000','10:38:00.000000','06:50:00.000000','2023-08-17 11:01:00.454074',42,'2023-08-18 01:36:25.092557','김 할머니','google','google_103836153232507440437','eyJhbGciOiJIUzI1NiJ9.eyJzdWIiOiJSZWZyZXNoVG9rZW4iLCJpZCI6NDIsImV4cCI6MTY5NDc0MTY0OX0.C-sQ0pSgZ3YRu5-cQDoJ83dqHF7pkbPhUfkkZVV9Y_0','USER'),(_binary '','23:00:00.000000','07:20:00.000000','19:20:00.000000','00:20:00.000000','11:10:00.000000','06:50:00.000000','2023-08-17 14:22:33.595581',43,'2023-08-17 14:22:34.215019','백 아들','google','google_117560591394969641928','eyJhbGciOiJIUzI1NiJ9.eyJzdWIiOiJSZWZyZXNoVG9rZW4iLCJpZCI6NDMsImV4cCI6MTY5NDcwMTM1NH0.sG4LwVheREou8P6u2Ucbt10cbI7Zjb8E3vmY89YEEHY','USER'),(_binary '','09:17:00.000000','07:20:00.000000','19:20:00.000000','00:20:00.000000','11:10:00.000000','06:50:00.000000','2023-08-17 14:50:51.526694',44,'2023-08-18 00:18:14.289187','뱁','google','google_107353411272850439117','eyJhbGciOiJIUzI1NiJ9.eyJzdWIiOiJSZWZyZXNoVG9rZW4iLCJpZCI6NDQsImV4cCI6MTY5NDczNzA5NH0.tDYLSuyPKYcH1sSINXRDskRW5xxkz_GvoAtlNCxFf4Y','USER');
/*!40000 ALTER TABLE `member` ENABLE KEYS */;
UNLOCK TABLES;

--
-- Table structure for table `prescription`
--

DROP TABLE IF EXISTS `prescription`;
/*!40101 SET @saved_cs_client     = @@character_set_client */;
/*!50503 SET character_set_client = utf8mb4 */;
CREATE TABLE `prescription` (
  `iot_location` int(11) DEFAULT NULL,
  `medicine_dose` float DEFAULT NULL,
  `medicine_shape` int(11) DEFAULT NULL,
  `created_at` datetime(6) DEFAULT NULL,
  `end_date_time` datetime(6) DEFAULT NULL,
  `id` bigint(20) NOT NULL AUTO_INCREMENT,
  `member_id` bigint(20) DEFAULT NULL,
  `start_date_time` datetime(6) DEFAULT NULL,
  `updated_at` datetime(6) DEFAULT NULL,
  `custom_name` varchar(20) DEFAULT NULL,
  `kr_name` varchar(40) DEFAULT NULL,
  `eng_name` varchar(255) DEFAULT NULL,
  `icd` varchar(255) DEFAULT NULL,
  `unit` varchar(255) DEFAULT NULL,
  PRIMARY KEY (`id`),
  KEY `FK9af8js63ensswx63j2v1fdvde` (`member_id`),
  CONSTRAINT `FK9af8js63ensswx63j2v1fdvde` FOREIGN KEY (`member_id`) REFERENCES `member` (`id`) ON DELETE CASCADE
) ENGINE=InnoDB AUTO_INCREMENT=43 DEFAULT CHARSET=utf8mb4 COLLATE=utf8mb4_general_ci;
/*!40101 SET character_set_client = @saved_cs_client */;

--
-- Dumping data for table `prescription`
--

LOCK TABLES `prescription` WRITE;
/*!40000 ALTER TABLE `prescription` DISABLE KEYS */;
INSERT INTO `prescription` VALUES (-1,2,3,'2023-08-17 13:00:10.489258','2023-08-20 00:00:00.000000',34,42,'2023-08-01 00:00:00.000000','2023-08-17 13:00:10.513309','감기약','감기','','','정'),(-1,1,13,'2023-08-17 13:00:57.236816','2023-08-20 00:00:00.000000',35,42,'2023-07-30 00:00:00.000000','2023-08-17 13:00:57.260417','비타민','건강 관리','','','정'),(-1,1,27,'2023-08-17 13:04:39.123934','2023-09-20 00:00:00.000000',36,42,'2023-07-20 00:00:00.000000','2023-08-17 13:04:39.147489','혈압약','고혈압','','','정'),(-1,1,8,'2023-08-17 13:06:51.868900','2023-09-17 00:00:00.000000',37,42,'2023-06-30 00:00:00.000000','2023-08-17 13:06:51.886849','변비약','변비','','','정'),(-1,1,24,'2023-08-17 14:23:18.705424','2023-10-17 00:00:00.000000',38,43,'2023-06-17 00:00:00.000000','2023-08-17 14:23:18.722289','비타민','비타민','','','정'),(-1,1,2,'2023-08-17 14:23:47.801549','2023-10-17 00:00:00.000000',39,43,'2023-04-17 00:00:00.000000','2023-08-17 14:24:01.740223','오메가3','오메가3','','','정'),(-1,1,1,'2023-08-17 14:24:32.391214','2023-09-17 00:00:00.000000',40,43,'2023-03-17 00:00:00.000000','2023-08-17 14:24:32.408590','루테인','루테인','','','정'),(-1,1,15,'2023-08-18 00:05:03.571418','2023-08-18 00:00:00.000000',41,44,'2023-08-18 00:00:00.000000','2023-08-18 00:05:03.593660','감기약','감기','','','정'),(-1,1,18,'2023-08-18 01:35:40.821346','2023-08-29 00:00:00.000000',42,42,'2023-08-18 00:00:00.000000','2023-08-18 01:35:40.838615','무릎약','무릎통증','','','정');
/*!40000 ALTER TABLE `prescription` ENABLE KEYS */;
UNLOCK TABLES;

--
-- Table structure for table `prescription_medicine_routine`
--

DROP TABLE IF EXISTS `prescription_medicine_routine`;
/*!40101 SET @saved_cs_client     = @@character_set_client */;
/*!50503 SET character_set_client = utf8mb4 */;
CREATE TABLE `prescription_medicine_routine` (
  `id` bigint(20) NOT NULL,
  `medicine_routine_id` bigint(20) DEFAULT NULL,
  `prescription_id` bigint(20) DEFAULT NULL,
  PRIMARY KEY (`id`),
  KEY `FK35cjq167du912wiir3o2papn1` (`medicine_routine_id`),
  KEY `FKef9h6804roi7iaily7qwolxjj` (`prescription_id`),
  CONSTRAINT `FK35cjq167du912wiir3o2papn1` FOREIGN KEY (`medicine_routine_id`) REFERENCES `medicine_routine` (`id`),
  CONSTRAINT `FKef9h6804roi7iaily7qwolxjj` FOREIGN KEY (`prescription_id`) REFERENCES `prescription` (`id`) ON DELETE CASCADE
) ENGINE=InnoDB DEFAULT CHARSET=utf8mb4 COLLATE=utf8mb4_general_ci;
/*!40101 SET character_set_client = @saved_cs_client */;

--
-- Dumping data for table `prescription_medicine_routine`
--

LOCK TABLES `prescription_medicine_routine` WRITE;
/*!40000 ALTER TABLE `prescription_medicine_routine` DISABLE KEYS */;
INSERT INTO `prescription_medicine_routine` VALUES (124,3,34),(125,7,34),(126,5,34),(127,1,35),(128,8,35),(129,2,35),(130,4,36),(131,8,36),(132,6,36),(133,7,37),(134,5,37),(135,1,38),(136,2,38),(139,3,39),(140,5,39),(141,1,40),(142,2,40),(143,3,41),(144,5,41),(145,2,41),(146,8,42),(147,6,42);
/*!40000 ALTER TABLE `prescription_medicine_routine` ENABLE KEYS */;
UNLOCK TABLES;

--
-- Table structure for table `prescription_medicine_routine_seq`
--

DROP TABLE IF EXISTS `prescription_medicine_routine_seq`;
/*!40101 SET @saved_cs_client     = @@character_set_client */;
/*!50503 SET character_set_client = utf8mb4 */;
CREATE TABLE `prescription_medicine_routine_seq` (
  `next_not_cached_value` bigint(21) NOT NULL,
  `minimum_value` bigint(21) NOT NULL,
  `maximum_value` bigint(21) NOT NULL,
  `start_value` bigint(21) NOT NULL COMMENT 'start value when sequences is created or value if RESTART is used',
  `increment` bigint(21) NOT NULL COMMENT 'increment value',
  `cache_size` bigint(21) unsigned NOT NULL,
  `cycle_option` tinyint(1) unsigned NOT NULL COMMENT '0 if no cycles are allowed, 1 if the sequence should begin a new cycle when maximum_value is passed',
  `cycle_count` bigint(21) NOT NULL COMMENT 'How many cycles have been done'
) ENGINE=InnoDB SEQUENCE=1;
/*!40101 SET character_set_client = @saved_cs_client */;

--
-- Dumping data for table `prescription_medicine_routine_seq`
--

LOCK TABLES `prescription_medicine_routine_seq` WRITE;
/*!40000 ALTER TABLE `prescription_medicine_routine_seq` DISABLE KEYS */;
INSERT INTO `prescription_medicine_routine_seq` VALUES (50001,1,9223372036854775806,1,50,1000,0,0);
/*!40000 ALTER TABLE `prescription_medicine_routine_seq` ENABLE KEYS */;
UNLOCK TABLES;

--
-- Table structure for table `survey`
--

DROP TABLE IF EXISTS `survey`;
/*!40101 SET @saved_cs_client     = @@character_set_client */;
/*!50503 SET character_set_client = utf8mb4 */;
CREATE TABLE `survey` (
  `date` date DEFAULT NULL,
  `created_at` datetime(6) DEFAULT NULL,
  `id` bigint(20) NOT NULL AUTO_INCREMENT,
  `updated_at` datetime(6) DEFAULT NULL,
  PRIMARY KEY (`id`)
) ENGINE=InnoDB AUTO_INCREMENT=44 DEFAULT CHARSET=utf8mb4 COLLATE=utf8mb4_general_ci;
/*!40101 SET character_set_client = @saved_cs_client */;

--
-- Dumping data for table `survey`
--

LOCK TABLES `survey` WRITE;
/*!40000 ALTER TABLE `survey` DISABLE KEYS */;
INSERT INTO `survey` VALUES ('2023-08-17','2023-08-17 11:41:41.662135',18,'2023-08-17 11:41:41.662148'),('2023-06-30','2023-08-17 13:09:01.225367',19,'2023-08-17 13:09:01.225372'),('2023-07-01','2023-08-17 13:09:52.946241',20,'2023-08-17 13:09:52.946247'),('2023-07-02','2023-08-17 13:10:55.574003',21,'2023-08-17 13:10:55.574005'),('2023-07-03','2023-08-17 13:11:22.748361',22,'2023-08-17 13:11:22.748369'),('2023-07-05','2023-08-17 13:11:53.830449',23,'2023-08-17 13:11:53.830452'),('2023-07-09','2023-08-17 13:13:35.600381',24,'2023-08-17 13:13:35.600386'),('2023-07-10','2023-08-17 13:13:49.778576',25,'2023-08-17 13:13:49.778580'),('2023-07-11','2023-08-17 13:17:03.373148',26,'2023-08-17 13:17:03.373154'),('2023-07-14','2023-08-17 13:17:27.455984',27,'2023-08-17 13:17:27.455992'),('2023-07-15','2023-08-17 13:17:59.293491',28,'2023-08-17 13:17:59.293493'),('2023-07-17','2023-08-17 13:19:33.473162',29,'2023-08-17 13:19:33.473166'),('2023-07-23','2023-08-17 13:21:35.941858',30,'2023-08-17 13:21:35.941864'),('2023-07-26','2023-08-17 13:22:00.356818',31,'2023-08-17 13:22:00.356822'),('2023-07-28','2023-08-17 13:22:26.274486',32,'2023-08-17 13:22:26.274490'),('2023-07-29','2023-08-17 13:23:32.461141',33,'2023-08-17 13:23:32.461146'),('2023-07-30','2023-08-17 13:25:29.751301',34,'2023-08-17 13:25:29.751305'),('2023-07-31','2023-08-17 13:28:10.667682',35,'2023-08-17 13:28:10.667687'),('2023-08-03','2023-08-17 14:02:46.937645',36,'2023-08-17 14:02:46.937649'),('2023-08-05','2023-08-17 14:03:08.358060',37,'2023-08-17 14:03:08.358064'),('2023-08-06','2023-08-17 14:03:21.008855',38,'2023-08-17 14:03:21.008864'),('2023-08-09','2023-08-17 14:04:02.164285',39,'2023-08-17 14:04:02.164289'),('2023-08-10','2023-08-17 14:04:12.516005',40,'2023-08-17 14:04:12.516009'),('2023-08-12','2023-08-17 14:04:21.662504',41,'2023-08-17 14:04:21.662508'),('2023-08-13','2023-08-17 14:04:57.405555',42,'2023-08-17 14:04:57.405557'),('2023-08-16','2023-08-17 14:05:10.739604',43,'2023-08-17 14:05:10.739608');
/*!40000 ALTER TABLE `survey` ENABLE KEYS */;
UNLOCK TABLES;

--
-- Table structure for table `survey_content`
--

DROP TABLE IF EXISTS `survey_content`;
/*!40101 SET @saved_cs_client     = @@character_set_client */;
/*!50503 SET character_set_client = utf8mb4 */;
CREATE TABLE `survey_content` (
  `id` bigint(20) NOT NULL AUTO_INCREMENT,
  `survey_id` bigint(20) DEFAULT NULL,
  `survey_content_type` enum('CHOICE_EMOTION','CHOICE_STATUS','TEXT') DEFAULT NULL,
  PRIMARY KEY (`id`),
  KEY `FK3nausnpb8e91l6p99hk5gt6lg` (`survey_id`),
  CONSTRAINT `FK3nausnpb8e91l6p99hk5gt6lg` FOREIGN KEY (`survey_id`) REFERENCES `survey` (`id`) ON DELETE CASCADE
) ENGINE=InnoDB AUTO_INCREMENT=130 DEFAULT CHARSET=utf8mb4 COLLATE=utf8mb4_general_ci;
/*!40101 SET character_set_client = @saved_cs_client */;

--
-- Dumping data for table `survey_content`
--

LOCK TABLES `survey_content` WRITE;
/*!40000 ALTER TABLE `survey_content` DISABLE KEYS */;
INSERT INTO `survey_content` VALUES (52,18,'CHOICE_STATUS'),(53,18,'CHOICE_EMOTION'),(54,18,'TEXT'),(55,19,'CHOICE_STATUS'),(56,19,'CHOICE_EMOTION'),(57,19,'TEXT'),(58,20,'CHOICE_STATUS'),(59,20,'CHOICE_EMOTION'),(60,20,'TEXT'),(61,21,'CHOICE_STATUS'),(62,21,'CHOICE_EMOTION'),(63,21,'TEXT'),(64,22,'CHOICE_STATUS'),(65,22,'CHOICE_EMOTION'),(66,22,'TEXT'),(67,23,'CHOICE_STATUS'),(68,23,'CHOICE_EMOTION'),(69,23,'TEXT'),(70,24,'CHOICE_STATUS'),(71,24,'CHOICE_EMOTION'),(72,24,'TEXT'),(73,25,'CHOICE_STATUS'),(74,25,'CHOICE_EMOTION'),(75,25,'TEXT'),(76,26,'CHOICE_STATUS'),(77,26,'CHOICE_EMOTION'),(78,26,'TEXT'),(79,27,'CHOICE_STATUS'),(80,27,'CHOICE_EMOTION'),(81,27,'TEXT'),(82,28,'CHOICE_STATUS'),(83,28,'CHOICE_EMOTION'),(84,28,'TEXT'),(85,29,'CHOICE_STATUS'),(86,29,'CHOICE_EMOTION'),(87,29,'TEXT'),(88,30,'CHOICE_STATUS'),(89,30,'CHOICE_EMOTION'),(90,30,'TEXT'),(91,31,'CHOICE_STATUS'),(92,31,'CHOICE_EMOTION'),(93,31,'TEXT'),(94,32,'CHOICE_STATUS'),(95,32,'CHOICE_EMOTION'),(96,32,'TEXT'),(97,33,'CHOICE_STATUS'),(98,33,'CHOICE_EMOTION'),(99,33,'TEXT'),(100,34,'CHOICE_STATUS'),(101,34,'CHOICE_EMOTION'),(102,34,'TEXT'),(103,35,'CHOICE_STATUS'),(104,35,'CHOICE_EMOTION'),(105,35,'TEXT'),(106,36,'CHOICE_STATUS'),(107,36,'CHOICE_EMOTION'),(108,36,'TEXT'),(109,37,'CHOICE_STATUS'),(110,37,'CHOICE_EMOTION'),(111,37,'TEXT'),(112,38,'CHOICE_STATUS'),(113,38,'CHOICE_EMOTION'),(114,38,'TEXT'),(115,39,'CHOICE_STATUS'),(116,39,'CHOICE_EMOTION'),(117,39,'TEXT'),(118,40,'CHOICE_STATUS'),(119,40,'CHOICE_EMOTION'),(120,40,'TEXT'),(121,41,'CHOICE_STATUS'),(122,41,'CHOICE_EMOTION'),(123,41,'TEXT'),(124,42,'CHOICE_STATUS'),(125,42,'CHOICE_EMOTION'),(126,42,'TEXT'),(127,43,'CHOICE_STATUS'),(128,43,'CHOICE_EMOTION'),(129,43,'TEXT');
/*!40000 ALTER TABLE `survey_content` ENABLE KEYS */;
UNLOCK TABLES;

--
-- Dumping routines for database 'eyak'
--
/*!50003 DROP PROCEDURE IF EXISTS `load_survey_contents` */;
/*!50003 SET @saved_cs_client      = @@character_set_client */ ;
/*!50003 SET @saved_cs_results     = @@character_set_results */ ;
/*!50003 SET @saved_col_connection = @@collation_connection */ ;
/*!50003 SET character_set_client  = utf8mb4 */ ;
/*!50003 SET character_set_results = utf8mb4 */ ;
/*!50003 SET collation_connection  = utf8mb4_general_ci */ ;
/*!50003 SET @saved_sql_mode       = @@sql_mode */ ;
/*!50003 SET sql_mode              = 'IGNORE_SPACE,STRICT_TRANS_TABLES,ERROR_FOR_DIVISION_BY_ZERO,NO_AUTO_CREATE_USER,NO_ENGINE_SUBSTITUTION' */ ;
DELIMITER ;;
CREATE DEFINER=`eyak`@`%` PROCEDURE `load_survey_contents`()
begin declare survey_id bigint; declare cur datetime; set cur = now(); insert into survey(date, created_at, updated_at) values (CURDATE(), cur, cur); set survey_id = last_insert_id(); insert into survey_content(survey_id, survey_content_type) values(survey_id, "CHOICE_STATUS"); insert into survey_content(survey_id, survey_content_type) values(survey_id, "CHOICE_EMOTION"); insert into survey_content(survey_id, survey_content_type) values(survey_id, "TEXT"); end ;;
DELIMITER ;
/*!50003 SET sql_mode              = @saved_sql_mode */ ;
/*!50003 SET character_set_client  = @saved_cs_client */ ;
/*!50003 SET character_set_results = @saved_cs_results */ ;
/*!50003 SET collation_connection  = @saved_col_connection */ ;
/*!40103 SET TIME_ZONE=@OLD_TIME_ZONE */;

/*!40101 SET SQL_MODE=@OLD_SQL_MODE */;
/*!40014 SET FOREIGN_KEY_CHECKS=@OLD_FOREIGN_KEY_CHECKS */;
/*!40014 SET UNIQUE_CHECKS=@OLD_UNIQUE_CHECKS */;
/*!40101 SET CHARACTER_SET_CLIENT=@OLD_CHARACTER_SET_CLIENT */;
/*!40101 SET CHARACTER_SET_RESULTS=@OLD_CHARACTER_SET_RESULTS */;
/*!40101 SET COLLATION_CONNECTION=@OLD_COLLATION_CONNECTION */;
/*!40111 SET SQL_NOTES=@OLD_SQL_NOTES */;

-- Dump completed on 2023-08-18 11:00:18
